position_id	term_ids	major	path	current_line	before	after	semantic_unit_id	change_kind
RB27-H04848	27	14	zh/14/amcheck.sgml	15	B-tree	B-树	F03-U0001	HISTORICAL_ROLLBACK
RB27-H04849	27	14	zh/14/amcheck.sgml	17	B-tree	B-树	F03-U0001	HISTORICAL_ROLLBACK
RB27-H04850	27	14	zh/14/amcheck.sgml	18	B-tree	B-树	F03-U0001	HISTORICAL_ROLLBACK
RB27-H04851	27	14	zh/14/amcheck.sgml	26	B-tree	B-树	F03-U0002	HISTORICAL_ROLLBACK
RB27-H04852	27	14	zh/14/amcheck.sgml	26	B-tree	B-树	F03-U0002	HISTORICAL_ROLLBACK
RB27-H04853	27	14	zh/14/amcheck.sgml	30	B-tree	B-树	F03-U0003	HISTORICAL_ROLLBACK
RB27-H04854	27	14	zh/14/amcheck.sgml	57	B-tree	B-树	F03-U0004	HISTORICAL_ROLLBACK
RB27-H04855	27	14	zh/14/amcheck.sgml	116	B-tree	B-树	F03-U0005	HISTORICAL_ROLLBACK
RB27-H04856	27	14	zh/14/amcheck.sgml	141	B-tree	B-树	F03-U0006	HISTORICAL_ROLLBACK
RB27-H04857	27	14	zh/14/amcheck.sgml	142	B-tree	B-树	F03-U0006	HISTORICAL_ROLLBACK
RB27-H04858	27	14	zh/14/amcheck.sgml	304	B-tree	B-树	F03-U0007	HISTORICAL_ROLLBACK
RB27-H04859	27	14	zh/14/amcheck.sgml	344	B-tree	B-树	F03-U0008	HISTORICAL_ROLLBACK
RB27-H04860	27	14	zh/14/arch-dev.sgml	201	B-tree	B-树	F03-U0009	HISTORICAL_ROLLBACK
RB27-H04861	27	14	zh/14/arch-dev.sgml	201	B-tree	B-树	F03-U0009	HISTORICAL_ROLLBACK
RB27-H04862	27	14	zh/14/arch-dev.sgml	201	B-tree	B-树	F03-U0009	HISTORICAL_ROLLBACK
RB27-H04863	27	14	zh/14/bloom.sgml	23	B-tree	B-树	F03-U0010	HISTORICAL_ROLLBACK
RB27-H04864	27	14	zh/14/bloom.sgml	23	B-tree	B-树	F03-U0010	HISTORICAL_ROLLBACK
RB27-H04865	27	14	zh/14/bloom.sgml	23	B-tree	B-树	F03-U0010	HISTORICAL_ROLLBACK
RB27-H04866	27	14	zh/14/bloom.sgml	72	B-tree	B-树	F03-U0011	HISTORICAL_ROLLBACK
RB27-H04867	27	14	zh/14/bloom.sgml	72	B-tree	B-树	F03-U0011	HISTORICAL_ROLLBACK
RB27-H04868	27	14	zh/14/bloom.sgml	106	B-tree	B-树	F03-U0012	HISTORICAL_ROLLBACK
RB27-H04869	27	14	zh/14/bloom.sgml	129	B-tree	B-树	F03-U0013	HISTORICAL_ROLLBACK
RB27-H04870	27	14	zh/14/bloom.sgml	157	B-tree	B-树	F03-U0014	HISTORICAL_ROLLBACK
RB27-H04871	27	14	zh/14/bloom.sgml	157	B-tree	B-树	F03-U0014	HISTORICAL_ROLLBACK
RB27-H04872	27	14	zh/14/bloom.sgml	157	B-tree	B-树	F03-U0014	HISTORICAL_ROLLBACK
RB27-H04873	27	14	zh/14/bloom.sgml	191	B-tree	B-树	F03-U0014	HISTORICAL_ROLLBACK
RB27-H04874	27	14	zh/14/btree-gin.sgml	11	B-tree	B-树	F03-U0015	HISTORICAL_ROLLBACK
RB27-H04875	27	14	zh/14/btree-gin.sgml	24	B-tree	B-树	F03-U0016	HISTORICAL_ROLLBACK
RB27-H04876	27	14	zh/14/btree-gin.sgml	24	B-tree	B-树	F03-U0016	HISTORICAL_ROLLBACK
RB27-H04877	27	14	zh/14/btree-gin.sgml	24	B-tree	B-树	F03-U0016	HISTORICAL_ROLLBACK
RB27-H04878	27	14	zh/14/btree-gist.sgml	11	B-tree	B-树	F03-U0017	HISTORICAL_ROLLBACK
RB27-H04879	27	14	zh/14/btree-gist.sgml	23	B-tree	B-树	F03-U0018	HISTORICAL_ROLLBACK
RB27-H04880	27	14	zh/14/btree-gist.sgml	23	B-tree	B-树	F03-U0018	HISTORICAL_ROLLBACK
RB27-H04881	27	14	zh/14/btree-gist.sgml	23	B-tree	B-树	F03-U0018	HISTORICAL_ROLLBACK
RB27-H04882	27	14	zh/14/btree-gist.sgml	27	B-tree	B-树	F03-U0019	HISTORICAL_ROLLBACK
RB27-H04883	27	14	zh/14/btree.sgml	4	B-tree	B-树	F03-U0020	HISTORICAL_ROLLBACK
INDEX27-14	27	14	zh/14/btree.sgml	8	B-Tree	B-树	RB27-INDEX-SECONDARY	CORRESPONDENCE_SYNC
RB27-ACRONYM-P01	27	14	zh/14/btree.sgml	15		B-树（	RB27-ACRONYM-001	CORRESPONDENCE_SYNC
RB27-ACRONYM-P02	27	14	zh/14/btree.sgml	15	"
  （"	，即	RB27-ACRONYM-001	CORRESPONDENCE_SYNC
RB27-LOWER-P0001	27	14	zh/14/btree.sgml	16	btree	B-树	RB27-LOWER-018	CORRESPONDENCE_SYNC
RB27-LOWER-P0002	27	14	zh/14/btree.sgml	21	btree	B-树	RB27-LOWER-026	CORRESPONDENCE_SYNC
RB27-LOWER-P0003	27	14	zh/14/btree.sgml	21	btree	B-树	RB27-LOWER-026	CORRESPONDENCE_SYNC
RB27-LOWER-P0004	27	14	zh/14/btree.sgml	24	btree	B-树	RB27-LOWER-026	CORRESPONDENCE_SYNC
RB27-H04884	27	14	zh/14/btree.sgml	31	B-tree	B-树	F03-U0021	HISTORICAL_ROLLBACK
RB27-LOWER-P0005	27	14	zh/14/btree.sgml	34	btree	B-树	RB27-LOWER-010	CORRESPONDENCE_SYNC
RB27-LOWER-P0006	27	14	zh/14/btree.sgml	42	btree	B-树	RB27-LOWER-010	CORRESPONDENCE_SYNC
RB27-LOWER-P0007	27	14	zh/14/btree.sgml	52	btree	B-树	RB27-LOWER-027	CORRESPONDENCE_SYNC
RB27-LOWER-P0008	27	14	zh/14/btree.sgml	171	btree	B-树	RB27-LOWER-019	CORRESPONDENCE_SYNC
RB27-LOWER-P0009	27	14	zh/14/btree.sgml	171	btree	B-树	RB27-LOWER-019	CORRESPONDENCE_SYNC
RB27-H04885	27	14	zh/14/btree.sgml	177	B-tree	B-树	F03-U0022	HISTORICAL_ROLLBACK
RB27-LOWER-P0010	27	14	zh/14/btree.sgml	187	btree	B-树	RB27-LOWER-011	CORRESPONDENCE_SYNC
RB27-LOWER-P0011	27	14	zh/14/btree.sgml	215	btree	B-树	RB27-LOWER-036	CORRESPONDENCE_SYNC
RB27-LOWER-P0012	27	14	zh/14/btree.sgml	234	btree	B-树	RB27-LOWER-017	CORRESPONDENCE_SYNC
RB27-LOWER-P0013	27	14	zh/14/btree.sgml	235	btree	B-树	RB27-LOWER-017	CORRESPONDENCE_SYNC
RB27-LOWER-P0014	27	14	zh/14/btree.sgml	401	btree	B-树	RB27-LOWER-014	CORRESPONDENCE_SYNC
RB27-LOWER-P0015	27	14	zh/14/btree.sgml	403	btree	B-树	RB27-LOWER-014	CORRESPONDENCE_SYNC
RB27-H04886	27	14	zh/14/btree.sgml	465	B-tree	B-树	F03-U0023	HISTORICAL_ROLLBACK
RB27-H04887	27	14	zh/14/btree.sgml	481	B-tree	B-树	F03-U0024	HISTORICAL_ROLLBACK
RB27-H04888	27	14	zh/14/btree.sgml	482	B-tree	B-树	F03-U0024	HISTORICAL_ROLLBACK
RB27-H04889	27	14	zh/14/btree.sgml	484	B-tree	B-树	F03-U0024	HISTORICAL_ROLLBACK
RB27-H04890	27	14	zh/14/btree.sgml	486	B-tree	B-树	F03-U0024	HISTORICAL_ROLLBACK
RB27-H04891	27	14	zh/14/btree.sgml	487	B-tree	B-树	F03-U0024	HISTORICAL_ROLLBACK
RB27-LOWER-P0016	27	14	zh/14/btree.sgml	496	btree	B-树	RB27-LOWER-035	CORRESPONDENCE_SYNC
RB27-H04892	27	14	zh/14/btree.sgml	520	B-tree	B-树	F03-U0025	HISTORICAL_ROLLBACK
RB27-H04893	27	14	zh/14/btree.sgml	520	B-tree	B-树	F03-U0025	HISTORICAL_ROLLBACK
RB27-H04894	27	14	zh/14/btree.sgml	524	B-tree	B-树	F03-U0026	HISTORICAL_ROLLBACK
RB27-H04895	27	14	zh/14/btree.sgml	526	B-tree	B-树	F03-U0027	HISTORICAL_ROLLBACK
RB27-H04896	27	14	zh/14/btree.sgml	532	B-tree	B-树	F03-U0028	HISTORICAL_ROLLBACK
RB27-H04897	27	14	zh/14/btree.sgml	539	B-tree	B-树	F03-U0029	HISTORICAL_ROLLBACK
RB27-H04898	27	14	zh/14/btree.sgml	549	B-tree	B-树	F03-U0030	HISTORICAL_ROLLBACK
RB27-H04899	27	14	zh/14/btree.sgml	554	B-tree	B-树	F03-U0031	HISTORICAL_ROLLBACK
RB27-H04900	27	14	zh/14/btree.sgml	561	B-tree	B-树	F03-U0032	HISTORICAL_ROLLBACK
RB27-H04901	27	14	zh/14/btree.sgml	568	B-tree	B-树	F03-U0033	HISTORICAL_ROLLBACK
RB27-H04902	27	14	zh/14/btree.sgml	586	B-tree	B-树	F03-U0034	HISTORICAL_ROLLBACK
RB27-H04903	27	14	zh/14/btree.sgml	595	B-tree	B-树	F03-U0035	HISTORICAL_ROLLBACK
RB27-H04904	27	14	zh/14/btree.sgml	596	B-tree	B-树	F03-U0035	HISTORICAL_ROLLBACK
RB27-H04905	27	14	zh/14/btree.sgml	598	B-tree	B-树	F03-U0035	HISTORICAL_ROLLBACK
RB27-H04906	27	14	zh/14/btree.sgml	604	B-tree	B-树	F03-U0036	HISTORICAL_ROLLBACK
RB27-H04907	27	14	zh/14/btree.sgml	658	B-tree	B-树	F03-U0037	HISTORICAL_ROLLBACK
RB27-H04908	27	14	zh/14/catalogs.sgml	796	B-tree	B-树	F03-U0038	HISTORICAL_ROLLBACK
RB27-H04909	27	14	zh/14/catalogs.sgml	819	B-tree	B-树	F03-U0039	HISTORICAL_ROLLBACK
RB27-H04910	27	14	zh/14/charset.sgml	1052	B-tree	B-树	F03-U0040	HISTORICAL_ROLLBACK
RB27-H04911	27	14	zh/14/citext.sgml	213	B-tree	B-树	F03-U0041	HISTORICAL_ROLLBACK
RB27-H04912	27	14	zh/14/citext.sgml	214	B-tree	B-树	F03-U0041	HISTORICAL_ROLLBACK
RB27-H04913	27	14	zh/14/config.sgml	2416	B-tree	B-树	F03-U0042	HISTORICAL_ROLLBACK
IH0001	199	14	zh/14/config.sgml	2783	整页映像	整页镜像	RB199-full-writes	HISTORICAL_ROLLBACK
IH0002	199	14	zh/14/config.sgml	2834	整页映像	整页镜像	RB199-compression-mention1	HISTORICAL_ROLLBACK
IH0003	199	14	zh/14/config.sgml	2834	页面映像	页面镜像	RB199-compression-mention2	HISTORICAL_ROLLBACK
RB27-H04914	27	14	zh/14/config.sgml	10030	B-tree	B-树	F03-U0043	HISTORICAL_ROLLBACK
IH0004	199	14	zh/14/config.sgml	10049	整页映像	整页镜像	RB199-consistency-mention1	HISTORICAL_ROLLBACK
IH0149	199	14	zh/14/config.sgml	10049	映像	镜像	RB199-consistency-mention2	CORRESPONDENCE_SYNC
RB27-H04915	27	14	zh/14/cube.sgml	217	B-tree	B-树	F03-U0044	HISTORICAL_ROLLBACK
RB27-H04916	27	14	zh/14/ddl.sgml	671	B-tree	B-树	F03-U0045	HISTORICAL_ROLLBACK
RB27-H04917	27	14	zh/14/ddl.sgml	748	B-tree	B-树	F03-U0046	HISTORICAL_ROLLBACK
RB27-H04918	27	14	zh/14/ddl.sgml	3848	B-tree	B-树	F03-U0047	HISTORICAL_ROLLBACK
RB27-H04919	27	14	zh/14/ddl.sgml	3848	B-tree	B-树	F03-U0047	HISTORICAL_ROLLBACK
RB27-H04920	27	14	zh/14/func.sgml	13707	B-tree	B-树	F03-U0048	HISTORICAL_ROLLBACK
RB27-H04921	27	14	zh/14/func.sgml	16999	B-tree	B-树	F03-U0049	HISTORICAL_ROLLBACK
OT-P0001	385	14	zh/14/func.sgml	19447	百分位数	百分位点	OT-385-01-continuous-index-primary	HISTORICAL_ROLLBACK
OT-P0002	385	14	zh/14/func.sgml	19458	连续百分位数	连续百分位点	OT-385-03-continuous-firstterm	HISTORICAL_ROLLBACK
OT-P0003	385	14	zh/14/func.sgml	19474	数	点	OT-385-04-multiple-continuous-results	HISTORICAL_ROLLBACK
OT-P0004	385	14	zh/14/func.sgml	19474	数	点	OT-385-05-continuous-result-anaphor	HISTORICAL_ROLLBACK
RB27-H04922	27	14	zh/14/func.sgml	20292	B-tree	B-树	F03-U0050	HISTORICAL_ROLLBACK
RB27-H04923	27	14	zh/14/func.sgml	20292	B-tree	B-树	F03-U0050	HISTORICAL_ROLLBACK
RB27-H04924	27	14	zh/14/func.sgml	20358	B-tree	B-树	F03-U0051	HISTORICAL_ROLLBACK
RB27-H04925	27	14	zh/14/func.sgml	20358	B-tree	B-树	F03-U0051	HISTORICAL_ROLLBACK
RB27-H04926	27,127	14	zh/14/func.sgml	20363	B-tree	B-树	F03-U0052	HISTORICAL_ROLLBACK
RB27-H04927	27	14	zh/14/func.sgml	20372	B-tree	B-树	F03-U0052	HISTORICAL_ROLLBACK
IH0040	199	14	zh/14/generic-wal.sgml	27	整页映像	整页镜像	RB199-generic-register	HISTORICAL_ROLLBACK
IH0041	199	14	zh/14/generic-wal.sgml	33	页面映像	页面镜像	RB199-generic-modify	HISTORICAL_ROLLBACK
IH0042	199	14	zh/14/generic-wal.sgml	46	页面映像	页面镜像	RB199-generic-abort	HISTORICAL_ROLLBACK
IH0043	199	14	zh/14/generic-wal.sgml	61	页面映像	页面镜像	RB199-generic-interleave	HISTORICAL_ROLLBACK
IH0044	199	14	zh/14/generic-wal.sgml	103	页面映像	页面镜像	RB199-generic-delta-mention1	HISTORICAL_ROLLBACK
IH0045	199	14	zh/14/generic-wal.sgml	103	页面映像	页面镜像	RB199-generic-delta-mention2	HISTORICAL_ROLLBACK
RB27-H04928	27	14	zh/14/geqo.sgml	19	B-tree	B-树	F03-U0055	HISTORICAL_ROLLBACK
RB27-H04929	27,127	14	zh/14/gin.sgml	308	B-tree	B-树	F03-U0056	HISTORICAL_ROLLBACK
RB27-H04930	27	14	zh/14/gin.sgml	309	B-tree	B-树	F03-U0056	HISTORICAL_ROLLBACK
RB27-H04931	27	14	zh/14/gin.sgml	376	B-tree	B-树	F03-U0057	HISTORICAL_ROLLBACK
RB27-H04932	27	14	zh/14/gin.sgml	377	B-tree	B-树	F03-U0057	HISTORICAL_ROLLBACK
RB27-H04933	27	14	zh/14/gin.sgml	389	B-tree	B-树	F03-U0058	HISTORICAL_ROLLBACK
RB27-H04934	27	14	zh/14/gin.sgml	548	B-tree	B-树	F03-U0059	HISTORICAL_ROLLBACK
RB27-H04935	27	14	zh/14/gist.sgml	15	B-tree	B-树	F03-U0060	HISTORICAL_ROLLBACK
RB27-H04936	27	14	zh/14/gist.sgml	214	B-tree	B-树	F03-U0061	HISTORICAL_ROLLBACK
RB27-H04937	27	14	zh/14/gist.sgml	214	B-tree	B-树	F03-U0061	HISTORICAL_ROLLBACK
RB27-H04938	27	14	zh/14/gist.sgml	214	B-tree	B-树	F03-U0061	HISTORICAL_ROLLBACK
RB27-H04939	27	14	zh/14/gist.sgml	218	B-tree	B-树	F03-U0062	HISTORICAL_ROLLBACK
RB27-H04940	27	14	zh/14/gist.sgml	222	B-tree	B-树	F03-U0063	HISTORICAL_ROLLBACK
RB27-H04941	27	14	zh/14/gist.sgml	995	B-tree	B-树	F03-U0064	HISTORICAL_ROLLBACK
RB27-H04942	27	14	zh/14/hash.sgml	28	B-tree	B-树	F03-U0065	HISTORICAL_ROLLBACK
RB27-H04943	27	14	zh/14/hash.sgml	32	B-tree	B-树	F03-U0066	HISTORICAL_ROLLBACK
RB27-H04944	27	14	zh/14/hash.sgml	36	B-tree	B-树	F03-U0067	HISTORICAL_ROLLBACK
RB27-H04945	27	14	zh/14/hash.sgml	45	B-tree	B-树	F03-U0068	HISTORICAL_ROLLBACK
RB27-H04946	27	14	zh/14/indexam.sgml	490	B-tree	B-树	F03-U0069	HISTORICAL_ROLLBACK
RB27-H04947	27	14	zh/14/indexam.sgml	490	B-tree	B-树	F03-U0069	HISTORICAL_ROLLBACK
RB27-H04948	27	14	zh/14/indexam.sgml	544	B-tree	B-树	F03-U0070	HISTORICAL_ROLLBACK
RB27-H04949	27	14	zh/14/indexam.sgml	589	B-tree	B-树	F03-U0071	HISTORICAL_ROLLBACK
RB27-H04950	27	14	zh/14/indices.sgml	91	B-tree	B-树	F03-U0072	HISTORICAL_ROLLBACK
RB27-H04951	27	14	zh/14/indices.sgml	93	B-tree	B-树	F03-U0072	HISTORICAL_ROLLBACK
RB27-H04952	27	14	zh/14/indices.sgml	100	B-tree	B-树	F03-U0073	HISTORICAL_ROLLBACK
RB27-H04953	27	14	zh/14/indices.sgml	104	B-tree	B-树	F03-U0073	HISTORICAL_ROLLBACK
RB27-H04954	27	14	zh/14/indices.sgml	107	B-tree	B-树	F03-U0073	HISTORICAL_ROLLBACK
RB27-H04955	27	14	zh/14/indices.sgml	112	B-tree	B-树	F03-U0074	HISTORICAL_ROLLBACK
RB27-H04956	27	14	zh/14/indices.sgml	112	B-tree	B-树	F03-U0074	HISTORICAL_ROLLBACK
RB27-H04957	27	14	zh/14/indices.sgml	118	B-tree	B-树	F03-U0074	HISTORICAL_ROLLBACK
RB27-H04958	27	14	zh/14/indices.sgml	119	B-tree	B-树	F03-U0074	HISTORICAL_ROLLBACK
RB27-H04959	27	14	zh/14/indices.sgml	123	B-tree	B-树	F03-U0075	HISTORICAL_ROLLBACK
RB27-H04960	27	14	zh/14/indices.sgml	124	B-tree	B-树	F03-U0075	HISTORICAL_ROLLBACK
RB27-H04961	27	14	zh/14/indices.sgml	128	B-tree	B-树	F03-U0076	HISTORICAL_ROLLBACK
INDEX27-14-R01	27	14	zh/14/indices.sgml	292	B-tree	B-树	RB27-ASSOC-INDICES-MULTICOLUMN	CORRESPONDENCE_SYNC
RB27-H04962	27	14	zh/14/indices.sgml	296	B-tree	B-树	F03-U0077	HISTORICAL_ROLLBACK
RB27-H04963	27	14	zh/14/indices.sgml	312	B-tree	B-树	F03-U0078	HISTORICAL_ROLLBACK
RB27-H04964	27	14	zh/14/indices.sgml	316	B-tree	B-树	F03-U0079	HISTORICAL_ROLLBACK
INDEX27-14-R02	27	14	zh/14/indices.sgml	338	B-tree	B-树	RB27-ASSOC-INDICES-ORDERING	CORRESPONDENCE_SYNC
RB27-H04965	27	14	zh/14/indices.sgml	346	B-tree	B-树	F03-U0080	HISTORICAL_ROLLBACK
RB27-H04966	27	14	zh/14/indices.sgml	350	B-tree	B-树	F03-U0081	HISTORICAL_ROLLBACK
RB27-H04967	27	14	zh/14/indices.sgml	413	B-tree	B-树	F03-U0082	HISTORICAL_ROLLBACK
RB27-H04968	27	14	zh/14/indices.sgml	683	B-tree	B-树	F03-U0083	HISTORICAL_ROLLBACK
RB27-H04969	27	14	zh/14/indices.sgml	738	B-tree	B-树	F03-U0084	HISTORICAL_ROLLBACK
INDEX27-14-R03	27	14	zh/14/indices.sgml	750	B-Tree	B-树	RB27-ASSOC-INDICES-UPPER-LEVEL	CORRESPONDENCE_SYNC
INDEX27-14-R04	27	14	zh/14/indices.sgml	750	B-Tree	B-树	RB27-ASSOC-INDICES-LOWEST-LEVEL	CORRESPONDENCE_SYNC
RB27-H04970	27	14	zh/14/indices.sgml	796	B-tree	B-树	F03-U0085	HISTORICAL_ROLLBACK
RB27-H04971	27	14	zh/14/indices.sgml	805	B-tree	B-树	F03-U0086	HISTORICAL_ROLLBACK
RB27-H04972	27	14	zh/14/isn.sgml	198	B-tree	B-树	F03-U0087	HISTORICAL_ROLLBACK
RB27-H04973	27	14	zh/14/lobj.sgml	42	B-tree	B-树	F03-U0088	HISTORICAL_ROLLBACK
RB27-H04974	27	14	zh/14/ltree.sgml	573	B-tree	B-树	F03-U0089	HISTORICAL_ROLLBACK
RB27-H04975	27	14	zh/14/maintenance.sgml	794	B-tree	B-树	F03-U0090	HISTORICAL_ROLLBACK
RB27-H04976	27	14	zh/14/maintenance.sgml	801	B-tree	B-树	F03-U0091	HISTORICAL_ROLLBACK
RB27-H04977	27	14	zh/14/maintenance.sgml	802	B-tree	B-树	F03-U0091	HISTORICAL_ROLLBACK
RB27-H04978	27	14	zh/14/maintenance.sgml	806	B-tree	B-树	F03-U0092	HISTORICAL_ROLLBACK
RB27-H04979	27	14	zh/14/maintenance.sgml	808	B-tree	B-树	F03-U0092	HISTORICAL_ROLLBACK
RB27-H04980	27	14	zh/14/monitoring.sgml	1461	B-tree	B-树	F03-U0093	HISTORICAL_ROLLBACK
RB27-H04981	27	14	zh/14/monitoring.sgml	1796	B-tree	B-树	F03-U0094	HISTORICAL_ROLLBACK
IH0020	199	14	zh/14/monitoring.sgml	2908	整页映像	整页镜像	RB199-prefetch-skip	HISTORICAL_ROLLBACK
IH0021	199	14	zh/14/monitoring.sgml	4039	整页映像	整页镜像	RB199-wal-count	HISTORICAL_ROLLBACK
RB27-H04982	27	14	zh/14/mvcc.sgml	1306	B-tree	B-树	F03-U0095	HISTORICAL_ROLLBACK
RB27-H04983	27	14	zh/14/mvcc.sgml	1340	B-tree	B-树	F03-U0096	HISTORICAL_ROLLBACK
RB27-H04984	27	14	zh/14/mvcc.sgml	1340	B-tree	B-树	F03-U0096	HISTORICAL_ROLLBACK
RB27-H04985	27	14	zh/14/mvcc.sgml	1340	B-tree	B-树	F03-U0096	HISTORICAL_ROLLBACK
RB27-H04986	27	14	zh/14/pageinspect.sgml	238	B-tree	B-树	F03-U0097	HISTORICAL_ROLLBACK
RB27-H04987	27	14	zh/14/pageinspect.sgml	251	B-tree	B-树	F03-U0098	HISTORICAL_ROLLBACK
RB27-H04988	27	14	zh/14/pageinspect.sgml	279	B-tree	B-树	F03-U0099	HISTORICAL_ROLLBACK
RB27-H04989	27	14	zh/14/pageinspect.sgml	352	B-tree	B-树	F03-U0100	HISTORICAL_ROLLBACK
RB27-H04990	27	14	zh/14/pageinspect.sgml	373	B-tree	B-树	F03-U0100	HISTORICAL_ROLLBACK
RB27-H04991	27	14	zh/14/pageinspect.sgml	386	B-tree	B-树	F03-U0101	HISTORICAL_ROLLBACK
RB27-H04992	27	14	zh/14/parallel.sgml	170	B-tree	B-树	F03-U0102	HISTORICAL_ROLLBACK
RB27-H04993	27	14	zh/14/parallel.sgml	173	B-tree	B-树	F03-U0102	HISTORICAL_ROLLBACK
RB27-H04994	27	14	zh/14/parallel.sgml	178	B-tree	B-树	F03-U0103	HISTORICAL_ROLLBACK
IH0046	199	14	zh/14/pgstatstatements.sgml	361	整页映像	整页镜像	RB199-statement-wal-count	HISTORICAL_ROLLBACK
RB27-H04995	27	14	zh/14/pgstattuple.sgml	163	B-tree	B-树	F03-U0104	HISTORICAL_ROLLBACK
RB27-H04996	27	14	zh/14/pgstattuple.sgml	198	B-tree	B-树	F03-U0105	HISTORICAL_ROLLBACK
RB27-H04997	27	14	zh/14/pgtrgm.sgml	391	B-tree	B-树	F03-U0106	HISTORICAL_ROLLBACK
RB27-H04998	27	14	zh/14/pgtrgm.sgml	491	B-tree	B-树	F03-U0107	HISTORICAL_ROLLBACK
RB27-H04999	27	14	zh/14/pgtrgm.sgml	502	B-tree	B-树	F03-U0108	HISTORICAL_ROLLBACK
RB27-H05000	27,127	14	zh/14/queries.sgml	1380	B-tree	B-树	F03-U0109	HISTORICAL_ROLLBACK
RB27-H05001	27	14	zh/14/rangetypes.sgml	290	B-tree	B-树	F03-U0110	HISTORICAL_ROLLBACK
RB27-H05002	27	14	zh/14/rangetypes.sgml	360	B-tree	B-树	F03-U0111	HISTORICAL_ROLLBACK
RB27-H05003	27	14	zh/14/rangetypes.sgml	360	B-tree	B-树	F03-U0111	HISTORICAL_ROLLBACK
RB27-H05004	27	14	zh/14/rangetypes.sgml	360	B-tree	B-树	F03-U0111	HISTORICAL_ROLLBACK
RB27-H05005	27	14	zh/14/ref/alter_opfamily.sgml	137	B-tree	B-树	F03-U0112	HISTORICAL_ROLLBACK
RB27-H05006	27	14	zh/14/ref/alter_opfamily.sgml	139	B-tree	B-树	F03-U0112	HISTORICAL_ROLLBACK
RB27-H05007	27	14	zh/14/ref/alter_opfamily.sgml	140	B-tree	B-树	F03-U0112	HISTORICAL_ROLLBACK
RB27-H05008	27	14	zh/14/ref/alter_opfamily.sgml	257	B-tree	B-树	F03-U0113	HISTORICAL_ROLLBACK
RB27-H05009	27	14	zh/14/ref/alter_table.sgml	354	B-tree	B-树	F03-U0114	HISTORICAL_ROLLBACK
RB27-H05010	27	14	zh/14/ref/cluster.sgml	143	B-tree	B-树	F03-U0115	HISTORICAL_ROLLBACK
RB27-H05011	27	14	zh/14/ref/create_aggregate.sgml	231	B-tree	B-树	F03-U0116	HISTORICAL_ROLLBACK
RB27-H05012	27	14	zh/14/ref/create_index.sgml	60	B-tree	B-树	F03-U0117	HISTORICAL_ROLLBACK
RB27-H05013	27	14	zh/14/ref/create_index.sgml	160	B-tree	B-树	F03-U0118	HISTORICAL_ROLLBACK
RB27-H05014	27	14	zh/14/ref/create_index.sgml	173	B-tree	B-树	F03-U0119	HISTORICAL_ROLLBACK
RB27-H05015	27	14	zh/14/ref/create_index.sgml	379	B-tree	B-树	F03-U0120	HISTORICAL_ROLLBACK
RB27-H05016	27	14	zh/14/ref/create_index.sgml	393	B-tree	B-树	F03-U0121	HISTORICAL_ROLLBACK
RB27-H05017	27	14	zh/14/ref/create_index.sgml	396	B-tree	B-树	F03-U0121	HISTORICAL_ROLLBACK
RB27-H05018	27	14	zh/14/ref/create_index.sgml	402	B-tree	B-树	F03-U0122	HISTORICAL_ROLLBACK
RB27-H05019	27	14	zh/14/ref/create_index.sgml	403	B-tree	B-树	F03-U0122	HISTORICAL_ROLLBACK
RB27-H05020	27	14	zh/14/ref/create_index.sgml	406	B-tree	B-树	F03-U0122	HISTORICAL_ROLLBACK
RB27-H05021	27	14	zh/14/ref/create_index.sgml	427	B-tree	B-树	F03-U0123	HISTORICAL_ROLLBACK
RB27-H05022	27	14	zh/14/ref/create_index.sgml	441	B-tree	B-树	F03-U0124	HISTORICAL_ROLLBACK
RB27-H05023	27	14	zh/14/ref/create_index.sgml	684	B-tree	B-树	F03-U0125	HISTORICAL_ROLLBACK
RB27-H05024	27	14	zh/14/ref/create_index.sgml	688	B-tree	B-树	F03-U0125	HISTORICAL_ROLLBACK
RB27-H05025	27	14	zh/14/ref/create_index.sgml	694	B-tree	B-树	F03-U0126	HISTORICAL_ROLLBACK
RB27-H05026	27	14	zh/14/ref/create_index.sgml	717	B-tree	B-树	F03-U0127	HISTORICAL_ROLLBACK
RB27-H05027	27	14	zh/14/ref/create_index.sgml	751	B-tree	B-树	F03-U0128	HISTORICAL_ROLLBACK
RB27-H05028	27	14	zh/14/ref/create_index.sgml	826	B-tree	B-树	F03-U0129	HISTORICAL_ROLLBACK
RB27-H05029	27	14	zh/14/ref/create_index.sgml	834	B-tree	B-树	F03-U0130	HISTORICAL_ROLLBACK
RB27-H05030	27	14	zh/14/ref/create_index.sgml	842	B-tree	B-树	F03-U0131	HISTORICAL_ROLLBACK
RB27-H05031	27	14	zh/14/ref/create_opclass.sgml	156	B-tree	B-树	F03-U0132	HISTORICAL_ROLLBACK
RB27-H05032	27	14	zh/14/ref/create_opclass.sgml	157	B-tree	B-树	F03-U0132	HISTORICAL_ROLLBACK
RB27-H05033	27	14	zh/14/ref/create_opclass.sgml	157	B-tree	B-树	F03-U0132	HISTORICAL_ROLLBACK
RB27-H05034	27	14	zh/14/ref/create_opclass.sgml	161	B-tree	B-树	F03-U0132	HISTORICAL_ROLLBACK
RB27-H05035	27	14	zh/14/ref/create_operator.sgml	287	B-tree	B-树	F03-U0133	HISTORICAL_ROLLBACK
RB27-LOWER-P0017	27	14	zh/14/ref/create_table.sgml	348	btree	B-树	RB27-LOWER-029	CORRESPONDENCE_SYNC
RB27-H05036	27	14	zh/14/ref/create_table.sgml	796	B-tree	B-树	F03-U0134	HISTORICAL_ROLLBACK
RB27-H05037	27	14	zh/14/ref/create_table.sgml	844	B-tree	B-树	F03-U0135	HISTORICAL_ROLLBACK
RB27-H05038	27	14	zh/14/ref/create_table.sgml	885	B-tree	B-树	F03-U0136	HISTORICAL_ROLLBACK
RB27-H05039	27	14	zh/14/ref/create_type.sgml	141	B-tree	B-树	F03-U0137	HISTORICAL_ROLLBACK
RB27-H05040	27,127	14	zh/14/ref/create_type.sgml	142	B-tree	B-树	F03-U0137	HISTORICAL_ROLLBACK
RB27-H05041	27,127	14	zh/14/ref/create_type.sgml	294	B-tree	B-树	F03-U0138	HISTORICAL_ROLLBACK
RB27-H05042	27	14	zh/14/ref/create_type.sgml	554	B-tree	B-树	F03-U0139	HISTORICAL_ROLLBACK
IH0142	199	14	zh/14/ref/explain.sgml	151	整页映像	整页镜像	RB199-explain-wal-mention1	HISTORICAL_ROLLBACK
RB27-H05043	27	14	zh/14/ref/pg_amcheck.sgml	38	B-tree	B-树	F03-U0140	HISTORICAL_ROLLBACK
RB27-H05044	27	14	zh/14/ref/pg_amcheck.sgml	198	B-tree	B-树	F03-U0141	HISTORICAL_ROLLBACK
RB27-H05045	27	14	zh/14/ref/pg_amcheck.sgml	284	B-tree	B-树	F03-U0142	HISTORICAL_ROLLBACK
RB27-H05046	27	14	zh/14/ref/pg_amcheck.sgml	309	B-tree	B-树	F03-U0143	HISTORICAL_ROLLBACK
RB27-H05047	27	14	zh/14/ref/pg_amcheck.sgml	327	B-tree	B-树	F03-U0144	HISTORICAL_ROLLBACK
RB27-H05048	27	14	zh/14/ref/pg_amcheck.sgml	336	B-tree	B-树	F03-U0145	HISTORICAL_ROLLBACK
IH0047	199	14	zh/14/ref/pg_waldump.sgml	220	整页映像	整页镜像	RB199-waldump-fullpage	HISTORICAL_ROLLBACK
IH0048	199	14	zh/14/ref/pg_waldump.sgml	240	整页映像	整页镜像	RB199-waldump-stats	HISTORICAL_ROLLBACK
IH0049	199	14	zh/14/ref/pg_waldump.sgml	257	整页映像	整页镜像	RB199-waldump-save-mention1	HISTORICAL_ROLLBACK
IH0050	199	14	zh/14/ref/pg_waldump.sgml	258	映像	镜像	RB199-waldump-save-mention2	HISTORICAL_ROLLBACK
IH0051	199	14	zh/14/ref/pg_waldump.sgml	261	整页映像	整页镜像	RB199-waldump-format	HISTORICAL_ROLLBACK
IH0052	199	14	zh/14/ref/pg_waldump.sgml	283	映像	镜像	RB199-waldump-lsn	HISTORICAL_ROLLBACK
IH0053	199	14	zh/14/ref/pg_waldump.sgml	310	整页映像	整页镜像	RB199-waldump-fork	HISTORICAL_ROLLBACK
RB27-H05049	27	14	zh/14/ref/reindex.sgml	57	B-tree	B-树	F03-U0146	HISTORICAL_ROLLBACK
RB27-H05050	27	14	zh/14/ref/select.sgml	1251	B-tree	B-树	F03-U0147	HISTORICAL_ROLLBACK
RB27-LOWER-P0018	27	14	zh/14/release-14.sgml	1665	btree	B-树	RB27-LOWER-012	CORRESPONDENCE_SYNC
RB27-LOWER-P0019	27	14	zh/14/release-14.sgml	2152	btree	B-树	RB27-LOWER-004	CORRESPONDENCE_SYNC
RB27-LOWER-P0020	27	14	zh/14/release-14.sgml	2293	btree	B-树	RB27-LOWER-024	CORRESPONDENCE_SYNC
RB27-LOWER-P0021	27	14	zh/14/release-14.sgml	4607	btree	B-树	RB27-LOWER-006	CORRESPONDENCE_SYNC
RB27-LOWER-P0022	27	14	zh/14/release-14.sgml	4630	btree	B-树	RB27-LOWER-005	CORRESPONDENCE_SYNC
RB27-LOWER-P0023	27	14	zh/14/release-14.sgml	4652	btree	B-树	RB27-LOWER-007	CORRESPONDENCE_SYNC
RB27-LOWER-P0024	27	14	zh/14/release-14.sgml	4902	btree	B-树	RB27-LOWER-009	CORRESPONDENCE_SYNC
RB27-LOWER-P0025	27	14	zh/14/release-14.sgml	5830	btree	B-树	RB27-LOWER-041	CORRESPONDENCE_SYNC
RB27-S027	27	14	zh/14/release-14.sgml	6401	btree	B-树	F03-U0181	CROSS_VERSION_ALIGNMENT
INDEX27-14-R05	27	14	zh/14/release-14.sgml	9952	B-tree	B-树	RB27-ASSOC-RELEASE-SQL-FUNCTION-SUPPORT	CORRESPONDENCE_SYNC
RB27-LOWER-P0026	27	14	zh/14/release-14.sgml	13997	btree	B-树	RB27-LOWER-021	CORRESPONDENCE_SYNC
RB27-LOWER-P0027	27	14	zh/14/release-14.sgml	14004	btree	B-树	RB27-LOWER-022	CORRESPONDENCE_SYNC
RB27-LOWER-P0028	27	14	zh/14/release-14.sgml	14007	btree	B-树	RB27-LOWER-022	CORRESPONDENCE_SYNC
RB27-LOWER-P0029	27	14	zh/14/release-14.sgml	14155	btree	B-树	RB27-LOWER-032	CORRESPONDENCE_SYNC
RB27-LOWER-P0030	27	14	zh/14/release-14.sgml	15024	btree	B-树	RB27-LOWER-008	CORRESPONDENCE_SYNC
RB27-LOWER-P0031	27	14	zh/14/release-14.sgml	15507	btree	B-树	RB27-LOWER-013	CORRESPONDENCE_SYNC
RB27-LOWER-P0032	27	14	zh/14/release-14.sgml	15747	btree	B-树	RB27-LOWER-039	CORRESPONDENCE_SYNC
INDEX27-14-R06	27	14	zh/14/release-14.sgml	24217	B-tree	B-树	RB27-ASSOC-RELEASE14-POSTING-LIST-SPLITS	CORRESPONDENCE_SYNC
INDEX27-14-R07	27	14	zh/14/release-14.sgml	24646	B-tree	B-树	RB27-ASSOC-RELEASE14-INDEX-UPDATE-MANAGEMENT	CORRESPONDENCE_SYNC
RB27-LOWER-P0033	27	14	zh/14/release-14.sgml	25378	btree	B-树	RB27-LOWER-040	CORRESPONDENCE_SYNC
RB27-LOWER-P0034	27	14	zh/14/release-14.sgml	25610	btree	B-树	RB27-LOWER-020	CORRESPONDENCE_SYNC
INDEX27-14-R08	27	14	zh/14/release-14.sgml	28465	B-Tree	B-树	RB27-ASSOC-RELEASE14-INDEX-PAGES-CHECK	CORRESPONDENCE_SYNC
RB27-H05052	27	14	zh/14/storage.sgml	790	B-tree	B-树	F03-U0149	HISTORICAL_ROLLBACK
OT-P0005	385	14	zh/14/syntax.sgml	1270	数	点	OT-385-10-percentile-calculations	HISTORICAL_ROLLBACK
OT-P0006	385	14	zh/14/syntax.sgml	1282	百分位数	百分位点	OT-385-12-seealso-index	HISTORICAL_ROLLBACK
OT-P0043	385	14	zh/14/syntax.sgml	1293	百分位数	百分位点	OT-385-13-returned-50th-value	CORRESPONDENCE_SYNC
IH0054	199	14	zh/14/wal.sgml	141	整页映像	整页镜像	RB199-reliability-images-mention1	HISTORICAL_ROLLBACK
IH0055	199	14	zh/14/wal.sgml	144	页面映像	页面镜像	RB199-reliability-images-mention2	HISTORICAL_ROLLBACK
IH0056	199	14	zh/14/wal.sgml	161	整页映像	整页镜像	RB199-reliability-checksum	HISTORICAL_ROLLBACK
OT-P0031	385	14	zh/14/xaggr.sgml	265	数	点	OT-385-15-rank-or-percentile	HISTORICAL_ROLLBACK
RB27-H05053	27	14	zh/14/xindex.sgml	12	B-tree	B-树	F03-U0150	HISTORICAL_ROLLBACK
RB27-H06419	27	14	zh/14/xindex.sgml	24	B-tree	B-树	F03-U0183	HISTORICAL_ROLLBACK
RB27-H05054	27	14	zh/14/xindex.sgml	34	B-tree	B-树	F03-U0151	HISTORICAL_ROLLBACK
RB27-H05055	27	14	zh/14/xindex.sgml	34	B-tree	B-树	F03-U0151	HISTORICAL_ROLLBACK
RB27-H05056	27	14	zh/14/xindex.sgml	38	B-tree	B-树	F03-U0152	HISTORICAL_ROLLBACK
RB27-H05057	27	14	zh/14/xindex.sgml	46	B-tree	B-树	F03-U0153	HISTORICAL_ROLLBACK
RB27-H05058	27	14	zh/14/xindex.sgml	46	B-tree	B-树	F03-U0153	HISTORICAL_ROLLBACK
RB27-H05059	27	14	zh/14/xindex.sgml	50	B-tree	B-树	F03-U0154	HISTORICAL_ROLLBACK
RB27-H05060	27	14	zh/14/xindex.sgml	54	B-tree	B-树	F03-U0155	HISTORICAL_ROLLBACK
RB27-H05061	27	14	zh/14/xindex.sgml	298	B-tree	B-树	F03-U0156	HISTORICAL_ROLLBACK
RB27-H05062	27	14	zh/14/xindex.sgml	311	B-tree	B-树	F03-U0157	HISTORICAL_ROLLBACK
RB27-H05063	27	14	zh/14/xindex.sgml	315	B-tree	B-树	F03-U0158	HISTORICAL_ROLLBACK
RB27-H05064	27	14	zh/14/xindex.sgml	346	B-tree	B-树	F03-U0159	HISTORICAL_ROLLBACK
RB27-H05065	27	14	zh/14/xindex.sgml	662	B-tree	B-树	F03-U0160	HISTORICAL_ROLLBACK
RB27-H05066	27	14	zh/14/xindex.sgml	662	B-tree	B-树	F03-U0160	HISTORICAL_ROLLBACK
RB27-H05067	27	14	zh/14/xindex.sgml	670	B-tree	B-树	F03-U0161	HISTORICAL_ROLLBACK
RB27-H05068	27	14	zh/14/xindex.sgml	682	B-tree	B-树	F03-U0162	HISTORICAL_ROLLBACK
RB27-H05069	27	14	zh/14/xindex.sgml	763	B-tree	B-树	F03-U0163	HISTORICAL_ROLLBACK
RB27-H05070	27	14	zh/14/xindex.sgml	790	B-tree	B-树	F03-U0164	HISTORICAL_ROLLBACK
RB27-H05071	27,127	14	zh/14/xindex.sgml	802	B-tree	B-树	F03-U0165	HISTORICAL_ROLLBACK
RB27-H05072	27	14	zh/14/xindex.sgml	810	B-tree	B-树	F03-U0166	HISTORICAL_ROLLBACK
RB27-H05073	27	14	zh/14/xindex.sgml	822	B-tree	B-树	F03-U0167	HISTORICAL_ROLLBACK
RB27-H05074	27	14	zh/14/xindex.sgml	930	B-tree	B-树	F03-U0168	HISTORICAL_ROLLBACK
RB27-H05075	27	14	zh/14/xindex.sgml	942	B-tree	B-树	F03-U0169	HISTORICAL_ROLLBACK
RB27-H05076	27,127	14	zh/14/xindex.sgml	964	B-tree	B-树	F03-U0170	HISTORICAL_ROLLBACK
RB27-H05077	27,127	14	zh/14/xindex.sgml	968	B-tree	B-树	F03-U0171	HISTORICAL_ROLLBACK
RB27-H05078	27,127	14	zh/14/xindex.sgml	982	B-tree	B-树	F03-U0172	HISTORICAL_ROLLBACK
RB27-H05079	27,127	14	zh/14/xindex.sgml	990	B-tree	B-树	F03-U0173	HISTORICAL_ROLLBACK
RB27-H05080	27,127	14	zh/14/xindex.sgml	990	B-tree	B-树	F03-U0173	HISTORICAL_ROLLBACK
RB27-H05081	27	14	zh/14/xindex.sgml	999	B-tree	B-树	F03-U0174	HISTORICAL_ROLLBACK
RB27-H05082	27	14	zh/14/xindex.sgml	999	B-tree	B-树	F03-U0174	HISTORICAL_ROLLBACK
RB27-H05083	27	14	zh/14/xindex.sgml	999	B-tree	B-树	F03-U0174	HISTORICAL_ROLLBACK
RB27-H05084	27	14	zh/14/xindex.sgml	999	B-tree	B-树	F03-U0174	HISTORICAL_ROLLBACK
RB27-H05085	27	14	zh/14/xindex.sgml	1029	B-tree	B-树	F03-U0175	HISTORICAL_ROLLBACK
RB27-H05086	27	14	zh/14/xindex.sgml	1029	B-tree	B-树	F03-U0175	HISTORICAL_ROLLBACK
RB27-H05087	27	14	zh/14/xindex.sgml	1050	B-tree	B-树	F03-U0176	HISTORICAL_ROLLBACK
RB27-H05088	27	15	zh/15/amcheck.sgml	15	B-tree	B-树	F03-U0001	HISTORICAL_ROLLBACK
RB27-H05089	27	15	zh/15/amcheck.sgml	17	B-tree	B-树	F03-U0001	HISTORICAL_ROLLBACK
RB27-H05090	27	15	zh/15/amcheck.sgml	18	B-tree	B-树	F03-U0001	HISTORICAL_ROLLBACK
RB27-H05091	27	15	zh/15/amcheck.sgml	26	B-tree	B-树	F03-U0002	HISTORICAL_ROLLBACK
RB27-H05092	27	15	zh/15/amcheck.sgml	26	B-tree	B-树	F03-U0002	HISTORICAL_ROLLBACK
RB27-H05093	27	15	zh/15/amcheck.sgml	30	B-tree	B-树	F03-U0003	HISTORICAL_ROLLBACK
RB27-H05094	27	15	zh/15/amcheck.sgml	57	B-tree	B-树	F03-U0004	HISTORICAL_ROLLBACK
RB27-H05095	27	15	zh/15/amcheck.sgml	118	B-tree	B-树	F03-U0005	HISTORICAL_ROLLBACK
RB27-H05096	27	15	zh/15/amcheck.sgml	145	B-tree	B-树	F03-U0006	HISTORICAL_ROLLBACK
RB27-H05097	27	15	zh/15/amcheck.sgml	146	B-tree	B-树	F03-U0006	HISTORICAL_ROLLBACK
RB27-H05098	27	15	zh/15/amcheck.sgml	325	B-tree	B-树	F03-U0007	HISTORICAL_ROLLBACK
RB27-H05099	27	15	zh/15/amcheck.sgml	365	B-tree	B-树	F03-U0008	HISTORICAL_ROLLBACK
RB27-H05100	27	15	zh/15/arch-dev.sgml	201	B-tree	B-树	F03-U0009	HISTORICAL_ROLLBACK
RB27-H05101	27	15	zh/15/arch-dev.sgml	201	B-tree	B-树	F03-U0009	HISTORICAL_ROLLBACK
RB27-H05102	27	15	zh/15/arch-dev.sgml	201	B-tree	B-树	F03-U0009	HISTORICAL_ROLLBACK
RB27-H05103	27	15	zh/15/bloom.sgml	23	B-tree	B-树	F03-U0010	HISTORICAL_ROLLBACK
RB27-H05104	27	15	zh/15/bloom.sgml	23	B-tree	B-树	F03-U0010	HISTORICAL_ROLLBACK
RB27-H05105	27	15	zh/15/bloom.sgml	23	B-tree	B-树	F03-U0010	HISTORICAL_ROLLBACK
RB27-H05106	27	15	zh/15/bloom.sgml	72	B-tree	B-树	F03-U0011	HISTORICAL_ROLLBACK
RB27-H05107	27	15	zh/15/bloom.sgml	72	B-tree	B-树	F03-U0011	HISTORICAL_ROLLBACK
RB27-H05108	27	15	zh/15/bloom.sgml	106	B-tree	B-树	F03-U0012	HISTORICAL_ROLLBACK
RB27-H05109	27	15	zh/15/bloom.sgml	129	B-tree	B-树	F03-U0013	HISTORICAL_ROLLBACK
RB27-H05110	27	15	zh/15/bloom.sgml	157	B-tree	B-树	F03-U0014	HISTORICAL_ROLLBACK
RB27-H05111	27	15	zh/15/bloom.sgml	157	B-tree	B-树	F03-U0014	HISTORICAL_ROLLBACK
RB27-H05112	27	15	zh/15/bloom.sgml	157	B-tree	B-树	F03-U0014	HISTORICAL_ROLLBACK
RB27-H05113	27	15	zh/15/bloom.sgml	191	B-tree	B-树	F03-U0014	HISTORICAL_ROLLBACK
RB27-H05114	27	15	zh/15/btree-gin.sgml	11	B-tree	B-树	F03-U0015	HISTORICAL_ROLLBACK
RB27-H05115	27	15	zh/15/btree-gin.sgml	24	B-tree	B-树	F03-U0016	HISTORICAL_ROLLBACK
RB27-H05116	27	15	zh/15/btree-gin.sgml	24	B-tree	B-树	F03-U0016	HISTORICAL_ROLLBACK
RB27-H05117	27	15	zh/15/btree-gin.sgml	24	B-tree	B-树	F03-U0016	HISTORICAL_ROLLBACK
RB27-H05118	27	15	zh/15/btree-gist.sgml	11	B-tree	B-树	F03-U0017	HISTORICAL_ROLLBACK
RB27-H05119	27	15	zh/15/btree-gist.sgml	23	B-tree	B-树	F03-U0018	HISTORICAL_ROLLBACK
RB27-H05120	27	15	zh/15/btree-gist.sgml	23	B-tree	B-树	F03-U0018	HISTORICAL_ROLLBACK
RB27-H05121	27	15	zh/15/btree-gist.sgml	23	B-tree	B-树	F03-U0018	HISTORICAL_ROLLBACK
RB27-H05122	27	15	zh/15/btree-gist.sgml	27	B-tree	B-树	F03-U0019	HISTORICAL_ROLLBACK
RB27-H05123	27	15	zh/15/btree.sgml	4	B-tree	B-树	F03-U0020	HISTORICAL_ROLLBACK
INDEX27-15	27	15	zh/15/btree.sgml	8	B-Tree	B-树	RB27-INDEX-SECONDARY	CORRESPONDENCE_SYNC
RB27-ACRONYM-P03	27	15	zh/15/btree.sgml	15		B-树（	RB27-ACRONYM-001	CORRESPONDENCE_SYNC
RB27-ACRONYM-P04	27	15	zh/15/btree.sgml	15	"
  （"	，即	RB27-ACRONYM-001	CORRESPONDENCE_SYNC
RB27-LOWER-P0035	27	15	zh/15/btree.sgml	16	btree	B-树	RB27-LOWER-018	CORRESPONDENCE_SYNC
RB27-LOWER-P0036	27	15	zh/15/btree.sgml	21	btree	B-树	RB27-LOWER-026	CORRESPONDENCE_SYNC
RB27-LOWER-P0037	27	15	zh/15/btree.sgml	21	btree	B-树	RB27-LOWER-026	CORRESPONDENCE_SYNC
RB27-LOWER-P0038	27	15	zh/15/btree.sgml	24	btree	B-树	RB27-LOWER-026	CORRESPONDENCE_SYNC
RB27-H05124	27	15	zh/15/btree.sgml	31	B-tree	B-树	F03-U0021	HISTORICAL_ROLLBACK
RB27-LOWER-P0039	27	15	zh/15/btree.sgml	34	btree	B-树	RB27-LOWER-010	CORRESPONDENCE_SYNC
RB27-LOWER-P0040	27	15	zh/15/btree.sgml	42	btree	B-树	RB27-LOWER-010	CORRESPONDENCE_SYNC
RB27-LOWER-P0041	27	15	zh/15/btree.sgml	52	btree	B-树	RB27-LOWER-027	CORRESPONDENCE_SYNC
RB27-LOWER-P0042	27	15	zh/15/btree.sgml	171	btree	B-树	RB27-LOWER-019	CORRESPONDENCE_SYNC
RB27-LOWER-P0043	27	15	zh/15/btree.sgml	171	btree	B-树	RB27-LOWER-019	CORRESPONDENCE_SYNC
RB27-H05125	27	15	zh/15/btree.sgml	177	B-tree	B-树	F03-U0022	HISTORICAL_ROLLBACK
RB27-LOWER-P0044	27	15	zh/15/btree.sgml	187	btree	B-树	RB27-LOWER-011	CORRESPONDENCE_SYNC
RB27-LOWER-P0045	27	15	zh/15/btree.sgml	215	btree	B-树	RB27-LOWER-036	CORRESPONDENCE_SYNC
RB27-LOWER-P0046	27	15	zh/15/btree.sgml	234	btree	B-树	RB27-LOWER-017	CORRESPONDENCE_SYNC
RB27-LOWER-P0047	27	15	zh/15/btree.sgml	235	btree	B-树	RB27-LOWER-017	CORRESPONDENCE_SYNC
RB27-LOWER-P0048	27	15	zh/15/btree.sgml	401	btree	B-树	RB27-LOWER-014	CORRESPONDENCE_SYNC
RB27-LOWER-P0049	27	15	zh/15/btree.sgml	403	btree	B-树	RB27-LOWER-014	CORRESPONDENCE_SYNC
RB27-H05126	27	15	zh/15/btree.sgml	465	B-tree	B-树	F03-U0023	HISTORICAL_ROLLBACK
RB27-H05127	27	15	zh/15/btree.sgml	481	B-tree	B-树	F03-U0024	HISTORICAL_ROLLBACK
RB27-H05128	27	15	zh/15/btree.sgml	482	B-tree	B-树	F03-U0024	HISTORICAL_ROLLBACK
RB27-H05129	27	15	zh/15/btree.sgml	484	B-tree	B-树	F03-U0024	HISTORICAL_ROLLBACK
RB27-H05130	27	15	zh/15/btree.sgml	486	B-tree	B-树	F03-U0024	HISTORICAL_ROLLBACK
RB27-H05131	27	15	zh/15/btree.sgml	487	B-tree	B-树	F03-U0024	HISTORICAL_ROLLBACK
RB27-LOWER-P0050	27	15	zh/15/btree.sgml	496	btree	B-树	RB27-LOWER-035	CORRESPONDENCE_SYNC
RB27-H05132	27	15	zh/15/btree.sgml	520	B-tree	B-树	F03-U0025	HISTORICAL_ROLLBACK
RB27-H05133	27	15	zh/15/btree.sgml	520	B-tree	B-树	F03-U0025	HISTORICAL_ROLLBACK
RB27-H05134	27	15	zh/15/btree.sgml	524	B-tree	B-树	F03-U0026	HISTORICAL_ROLLBACK
RB27-H05135	27	15	zh/15/btree.sgml	526	B-tree	B-树	F03-U0027	HISTORICAL_ROLLBACK
RB27-H05136	27	15	zh/15/btree.sgml	532	B-tree	B-树	F03-U0028	HISTORICAL_ROLLBACK
RB27-H05137	27	15	zh/15/btree.sgml	539	B-tree	B-树	F03-U0029	HISTORICAL_ROLLBACK
RB27-H05138	27	15	zh/15/btree.sgml	549	B-tree	B-树	F03-U0030	HISTORICAL_ROLLBACK
RB27-H05139	27	15	zh/15/btree.sgml	554	B-tree	B-树	F03-U0031	HISTORICAL_ROLLBACK
RB27-H05140	27	15	zh/15/btree.sgml	561	B-tree	B-树	F03-U0032	HISTORICAL_ROLLBACK
RB27-H05141	27	15	zh/15/btree.sgml	568	B-tree	B-树	F03-U0033	HISTORICAL_ROLLBACK
RB27-H05142	27	15	zh/15/btree.sgml	586	B-tree	B-树	F03-U0034	HISTORICAL_ROLLBACK
RB27-H05143	27	15	zh/15/btree.sgml	595	B-tree	B-树	F03-U0035	HISTORICAL_ROLLBACK
RB27-H05144	27	15	zh/15/btree.sgml	596	B-tree	B-树	F03-U0035	HISTORICAL_ROLLBACK
RB27-H05145	27	15	zh/15/btree.sgml	598	B-tree	B-树	F03-U0035	HISTORICAL_ROLLBACK
RB27-H05146	27	15	zh/15/btree.sgml	604	B-tree	B-树	F03-U0036	HISTORICAL_ROLLBACK
RB27-H05147	27	15	zh/15/btree.sgml	658	B-tree	B-树	F03-U0037	HISTORICAL_ROLLBACK
RB27-H05148	27	15	zh/15/catalogs.sgml	806	B-tree	B-树	F03-U0038	HISTORICAL_ROLLBACK
RB27-H05149	27	15	zh/15/catalogs.sgml	829	B-tree	B-树	F03-U0039	HISTORICAL_ROLLBACK
RB27-H05150	27	15	zh/15/charset.sgml	1052	B-tree	B-树	F03-U0040	HISTORICAL_ROLLBACK
RB27-H05151	27	15	zh/15/citext.sgml	213	B-tree	B-树	F03-U0041	HISTORICAL_ROLLBACK
RB27-H05152	27	15	zh/15/citext.sgml	214	B-tree	B-树	F03-U0041	HISTORICAL_ROLLBACK
RB27-H05153	27	15	zh/15/config.sgml	5526	B-tree	B-树	F03-U0043	HISTORICAL_ROLLBACK
IH0005	199	15	zh/15/config.sgml	5545	整页映像	整页镜像	RB199-consistency-mention1	HISTORICAL_ROLLBACK
IH0150	199	15	zh/15/config.sgml	5545	映像	镜像	RB199-consistency-mention2	CORRESPONDENCE_SYNC
IH0155	199	15	zh/15/config.sgml	6752	整页映像	整页镜像	RB199-log-hints	CORRESPONDENCE_SYNC
IH0156	199	15	zh/15/config.sgml	6762	整页映像	整页镜像	RB199-compression-mention1	CORRESPONDENCE_SYNC
RB27-H05154	27	15	zh/15/cube.sgml	217	B-tree	B-树	F03-U0044	HISTORICAL_ROLLBACK
RB27-H05155	27	15	zh/15/ddl.sgml	671	B-tree	B-树	F03-U0045	HISTORICAL_ROLLBACK
RB27-H05156	27	15	zh/15/ddl.sgml	748	B-tree	B-树	F03-U0046	HISTORICAL_ROLLBACK
RB27-H05157	27	15	zh/15/ddl.sgml	3848	B-tree	B-树	F03-U0047	HISTORICAL_ROLLBACK
RB27-H05158	27	15	zh/15/ddl.sgml	3848	B-tree	B-树	F03-U0047	HISTORICAL_ROLLBACK
RB27-H05159	27	15	zh/15/func.sgml	13562	B-tree	B-树	F03-U0048	HISTORICAL_ROLLBACK
RB27-H05160	27	15	zh/15/func.sgml	16077	B-tree	B-树	F03-U0049	HISTORICAL_ROLLBACK
OT-P0007	385	15	zh/15/func.sgml	18525	百分位数	百分位点	OT-385-01-continuous-index-primary	HISTORICAL_ROLLBACK
OT-P0008	385	15	zh/15/func.sgml	18536	连续百分位数	连续百分位点	OT-385-03-continuous-firstterm	HISTORICAL_ROLLBACK
OT-P0009	385	15	zh/15/func.sgml	18552	数	点	OT-385-04-multiple-continuous-results	HISTORICAL_ROLLBACK
OT-P0010	385	15	zh/15/func.sgml	18552	数	点	OT-385-05-continuous-result-anaphor	HISTORICAL_ROLLBACK
RB27-H05161	27	15	zh/15/func.sgml	19371	B-tree	B-树	F03-U0050	HISTORICAL_ROLLBACK
RB27-H05162	27	15	zh/15/func.sgml	19371	B-tree	B-树	F03-U0050	HISTORICAL_ROLLBACK
RB27-H05163	27	15	zh/15/func.sgml	19437	B-tree	B-树	F03-U0051	HISTORICAL_ROLLBACK
RB27-H05164	27	15	zh/15/func.sgml	19437	B-tree	B-树	F03-U0051	HISTORICAL_ROLLBACK
RB27-H05165	27,127	15	zh/15/func.sgml	19442	B-tree	B-树	F03-U0052	HISTORICAL_ROLLBACK
RB27-H05166	27	15	zh/15/func.sgml	19451	B-tree	B-树	F03-U0052	HISTORICAL_ROLLBACK
IH0057	199	15	zh/15/generic-wal.sgml	34	整页映像	整页镜像	RB199-generic-register	HISTORICAL_ROLLBACK
IH0058	199	15	zh/15/generic-wal.sgml	40	页面映像	页面镜像	RB199-generic-modify	HISTORICAL_ROLLBACK
IH0059	199	15	zh/15/generic-wal.sgml	53	页面映像	页面镜像	RB199-generic-abort	HISTORICAL_ROLLBACK
IH0060	199	15	zh/15/generic-wal.sgml	68	页面映像	页面镜像	RB199-generic-interleave	HISTORICAL_ROLLBACK
IH0061	199	15	zh/15/generic-wal.sgml	110	页面映像	页面镜像	RB199-generic-delta-mention1	HISTORICAL_ROLLBACK
IH0062	199	15	zh/15/generic-wal.sgml	110	页面映像	页面镜像	RB199-generic-delta-mention2	HISTORICAL_ROLLBACK
RB27-H05167	27	15	zh/15/geqo.sgml	19	B-tree	B-树	F03-U0055	HISTORICAL_ROLLBACK
RB27-H05168	27,127	15	zh/15/gin.sgml	308	B-tree	B-树	F03-U0056	HISTORICAL_ROLLBACK
RB27-H05169	27	15	zh/15/gin.sgml	309	B-tree	B-树	F03-U0056	HISTORICAL_ROLLBACK
RB27-H05170	27	15	zh/15/gin.sgml	376	B-tree	B-树	F03-U0057	HISTORICAL_ROLLBACK
RB27-H05171	27	15	zh/15/gin.sgml	377	B-tree	B-树	F03-U0057	HISTORICAL_ROLLBACK
RB27-H05172	27	15	zh/15/gin.sgml	389	B-tree	B-树	F03-U0058	HISTORICAL_ROLLBACK
RB27-H05173	27	15	zh/15/gin.sgml	548	B-tree	B-树	F03-U0059	HISTORICAL_ROLLBACK
RB27-H05174	27	15	zh/15/gist.sgml	15	B-tree	B-树	F03-U0060	HISTORICAL_ROLLBACK
RB27-H05175	27	15	zh/15/gist.sgml	214	B-tree	B-树	F03-U0061	HISTORICAL_ROLLBACK
RB27-H05176	27	15	zh/15/gist.sgml	214	B-tree	B-树	F03-U0061	HISTORICAL_ROLLBACK
RB27-H05177	27	15	zh/15/gist.sgml	214	B-tree	B-树	F03-U0061	HISTORICAL_ROLLBACK
RB27-H05178	27	15	zh/15/gist.sgml	218	B-tree	B-树	F03-U0062	HISTORICAL_ROLLBACK
RB27-H05179	27	15	zh/15/gist.sgml	222	B-tree	B-树	F03-U0063	HISTORICAL_ROLLBACK
RB27-H05180	27	15	zh/15/gist.sgml	1057	B-tree	B-树	F03-U0064	HISTORICAL_ROLLBACK
RB27-H05181	27	15	zh/15/hash.sgml	28	B-tree	B-树	F03-U0065	HISTORICAL_ROLLBACK
RB27-H05182	27	15	zh/15/hash.sgml	32	B-tree	B-树	F03-U0066	HISTORICAL_ROLLBACK
RB27-H05183	27	15	zh/15/hash.sgml	36	B-tree	B-树	F03-U0067	HISTORICAL_ROLLBACK
RB27-H05184	27	15	zh/15/hash.sgml	45	B-tree	B-树	F03-U0068	HISTORICAL_ROLLBACK
RB27-H05185	27	15	zh/15/indexam.sgml	483	B-tree	B-树	F03-U0069	HISTORICAL_ROLLBACK
RB27-H05186	27	15	zh/15/indexam.sgml	483	B-tree	B-树	F03-U0069	HISTORICAL_ROLLBACK
RB27-H05187	27	15	zh/15/indexam.sgml	537	B-tree	B-树	F03-U0070	HISTORICAL_ROLLBACK
RB27-H05188	27	15	zh/15/indexam.sgml	582	B-tree	B-树	F03-U0071	HISTORICAL_ROLLBACK
RB27-S001	27	15	zh/15/indices.sgml	91	B-tree	B-树	F03-U0072	CROSS_VERSION_ALIGNMENT
RB27-S002	27	15	zh/15/indices.sgml	93	B-tree	B-树	F03-U0072	CROSS_VERSION_ALIGNMENT
RB27-S003	27	15	zh/15/indices.sgml	100	B-Tree	B-树	F03-U0073	CROSS_VERSION_ALIGNMENT
RB27-S004	27	15	zh/15/indices.sgml	104	B-Tree	B-树	F03-U0073	CROSS_VERSION_ALIGNMENT
RB27-S005	27	15	zh/15/indices.sgml	107	B-Tree	B-树	F03-U0073	CROSS_VERSION_ALIGNMENT
RB27-H05189	27	15	zh/15/indices.sgml	112	B-tree	B-树	F03-U0074	HISTORICAL_ROLLBACK
RB27-H05190	27	15	zh/15/indices.sgml	112	B-tree	B-树	F03-U0074	HISTORICAL_ROLLBACK
RB27-H05191	27	15	zh/15/indices.sgml	118	B-tree	B-树	F03-U0074	HISTORICAL_ROLLBACK
RB27-H05192	27	15	zh/15/indices.sgml	119	B-tree	B-树	F03-U0074	HISTORICAL_ROLLBACK
RB27-H05193	27	15	zh/15/indices.sgml	123	B-tree	B-树	F03-U0075	HISTORICAL_ROLLBACK
RB27-H05194	27	15	zh/15/indices.sgml	124	B-tree	B-树	F03-U0075	HISTORICAL_ROLLBACK
RB27-H05195	27	15	zh/15/indices.sgml	128	B-tree	B-树	F03-U0076	HISTORICAL_ROLLBACK
INDEX27-15-R09	27	15	zh/15/indices.sgml	292	B-tree	B-树	RB27-ASSOC-INDICES-MULTICOLUMN	CORRESPONDENCE_SYNC
RB27-H05196	27	15	zh/15/indices.sgml	296	B-tree	B-树	F03-U0077	HISTORICAL_ROLLBACK
RB27-H05197	27	15	zh/15/indices.sgml	312	B-tree	B-树	F03-U0078	HISTORICAL_ROLLBACK
RB27-H05198	27	15	zh/15/indices.sgml	316	B-tree	B-树	F03-U0079	HISTORICAL_ROLLBACK
INDEX27-15-R10	27	15	zh/15/indices.sgml	338	B-tree	B-树	RB27-ASSOC-INDICES-ORDERING	CORRESPONDENCE_SYNC
RB27-H05199	27	15	zh/15/indices.sgml	346	B-tree	B-树	F03-U0080	HISTORICAL_ROLLBACK
RB27-H05200	27	15	zh/15/indices.sgml	350	B-tree	B-树	F03-U0081	HISTORICAL_ROLLBACK
RB27-H05201	27	15	zh/15/indices.sgml	413	B-tree	B-树	F03-U0082	HISTORICAL_ROLLBACK
RB27-H05202	27	15	zh/15/indices.sgml	683	B-tree	B-树	F03-U0083	HISTORICAL_ROLLBACK
RB27-H05203	27	15	zh/15/indices.sgml	738	B-tree	B-树	F03-U0084	HISTORICAL_ROLLBACK
INDEX27-15-R11	27	15	zh/15/indices.sgml	750	B-Tree	B-树	RB27-ASSOC-INDICES-UPPER-LEVEL	CORRESPONDENCE_SYNC
INDEX27-15-R12	27	15	zh/15/indices.sgml	750	B-Tree	B-树	RB27-ASSOC-INDICES-LOWEST-LEVEL	CORRESPONDENCE_SYNC
RB27-H05204	27	15	zh/15/indices.sgml	796	B-tree	B-树	F03-U0085	HISTORICAL_ROLLBACK
RB27-H05205	27	15	zh/15/indices.sgml	805	B-tree	B-树	F03-U0086	HISTORICAL_ROLLBACK
RB27-H05206	27	15	zh/15/isn.sgml	198	B-tree	B-树	F03-U0087	HISTORICAL_ROLLBACK
RB27-H05207	27	15	zh/15/lobj.sgml	42	B-tree	B-树	F03-U0088	HISTORICAL_ROLLBACK
RB27-H05208	27	15	zh/15/ltree.sgml	573	B-tree	B-树	F03-U0089	HISTORICAL_ROLLBACK
RB27-H05209	27	15	zh/15/maintenance.sgml	821	B-tree	B-树	F03-U0090	HISTORICAL_ROLLBACK
RB27-H05210	27	15	zh/15/maintenance.sgml	828	B-tree	B-树	F03-U0091	HISTORICAL_ROLLBACK
RB27-H05211	27	15	zh/15/maintenance.sgml	829	B-tree	B-树	F03-U0091	HISTORICAL_ROLLBACK
RB27-H05212	27	15	zh/15/maintenance.sgml	833	B-tree	B-树	F03-U0092	HISTORICAL_ROLLBACK
RB27-H05213	27	15	zh/15/maintenance.sgml	835	B-tree	B-树	F03-U0092	HISTORICAL_ROLLBACK
RB27-H05214	27	15	zh/15/monitoring.sgml	1459	B-tree	B-树	F03-U0093	HISTORICAL_ROLLBACK
RB27-H05215	27	15	zh/15/monitoring.sgml	1794	B-tree	B-树	F03-U0094	HISTORICAL_ROLLBACK
IH0022	199	15	zh/15/monitoring.sgml	2906	整页映像	整页镜像	RB199-prefetch-skip	HISTORICAL_ROLLBACK
IH0023	199	15	zh/15/monitoring.sgml	3750	整页映像	整页镜像	RB199-wal-count	HISTORICAL_ROLLBACK
RB27-H05216	27	15	zh/15/mvcc.sgml	1331	B-tree	B-树	F03-U0095	HISTORICAL_ROLLBACK
RB27-H05217	27	15	zh/15/mvcc.sgml	1365	B-tree	B-树	F03-U0096	HISTORICAL_ROLLBACK
RB27-H05218	27	15	zh/15/mvcc.sgml	1365	B-tree	B-树	F03-U0096	HISTORICAL_ROLLBACK
RB27-H05219	27	15	zh/15/mvcc.sgml	1365	B-tree	B-树	F03-U0096	HISTORICAL_ROLLBACK
RB27-H05220	27	15	zh/15/pageinspect.sgml	238	B-tree	B-树	F03-U0097	HISTORICAL_ROLLBACK
RB27-H05221	27	15	zh/15/pageinspect.sgml	251	B-tree	B-树	F03-U0098	HISTORICAL_ROLLBACK
RB27-H05222	27	15	zh/15/pageinspect.sgml	279	B-tree	B-树	F03-U0099	HISTORICAL_ROLLBACK
RB27-H05223	27	15	zh/15/pageinspect.sgml	352	B-tree	B-树	F03-U0100	HISTORICAL_ROLLBACK
RB27-H05224	27	15	zh/15/pageinspect.sgml	373	B-tree	B-树	F03-U0100	HISTORICAL_ROLLBACK
RB27-H05225	27	15	zh/15/pageinspect.sgml	385	B-tree	B-树	F03-U0101	HISTORICAL_ROLLBACK
RB27-H05226	27	15	zh/15/parallel.sgml	170	B-tree	B-树	F03-U0102	HISTORICAL_ROLLBACK
RB27-H05227	27	15	zh/15/parallel.sgml	173	B-tree	B-树	F03-U0102	HISTORICAL_ROLLBACK
RB27-H05228	27	15	zh/15/parallel.sgml	178	B-tree	B-树	F03-U0103	HISTORICAL_ROLLBACK
IH0063	199	15	zh/15/pgstatstatements.sgml	381	整页映像	整页镜像	RB199-statement-wal-count	HISTORICAL_ROLLBACK
RB27-H05229	27	15	zh/15/pgstattuple.sgml	163	B-tree	B-树	F03-U0104	HISTORICAL_ROLLBACK
RB27-H05230	27	15	zh/15/pgstattuple.sgml	198	B-tree	B-树	F03-U0105	HISTORICAL_ROLLBACK
RB27-H05231	27	15	zh/15/pgtrgm.sgml	390	B-tree	B-树	F03-U0106	HISTORICAL_ROLLBACK
RB27-H05232	27	15	zh/15/pgtrgm.sgml	490	B-tree	B-树	F03-U0107	HISTORICAL_ROLLBACK
RB27-H05233	27	15	zh/15/pgtrgm.sgml	501	B-tree	B-树	F03-U0108	HISTORICAL_ROLLBACK
RB27-H05234	27,127	15	zh/15/queries.sgml	1380	B-tree	B-树	F03-U0109	HISTORICAL_ROLLBACK
RB27-H05235	27	15	zh/15/rangetypes.sgml	290	B-tree	B-树	F03-U0110	HISTORICAL_ROLLBACK
RB27-H05236	27	15	zh/15/rangetypes.sgml	360	B-tree	B-树	F03-U0111	HISTORICAL_ROLLBACK
RB27-H05237	27	15	zh/15/rangetypes.sgml	360	B-tree	B-树	F03-U0111	HISTORICAL_ROLLBACK
RB27-H05238	27	15	zh/15/rangetypes.sgml	360	B-tree	B-树	F03-U0111	HISTORICAL_ROLLBACK
RB27-H05239	27	15	zh/15/ref/alter_opfamily.sgml	137	B-tree	B-树	F03-U0112	HISTORICAL_ROLLBACK
RB27-H05240	27	15	zh/15/ref/alter_opfamily.sgml	139	B-tree	B-树	F03-U0112	HISTORICAL_ROLLBACK
RB27-H05241	27	15	zh/15/ref/alter_opfamily.sgml	140	B-tree	B-树	F03-U0112	HISTORICAL_ROLLBACK
RB27-H05242	27	15	zh/15/ref/alter_opfamily.sgml	257	B-tree	B-树	F03-U0113	HISTORICAL_ROLLBACK
RB27-H05243	27	15	zh/15/ref/alter_table.sgml	354	B-tree	B-树	F03-U0114	HISTORICAL_ROLLBACK
RB27-H05244	27	15	zh/15/ref/cluster.sgml	143	B-tree	B-树	F03-U0115	HISTORICAL_ROLLBACK
RB27-H05245	27	15	zh/15/ref/create_aggregate.sgml	231	B-tree	B-树	F03-U0116	HISTORICAL_ROLLBACK
RB27-H05246	27	15	zh/15/ref/create_index.sgml	60	B-tree	B-树	F03-U0117	HISTORICAL_ROLLBACK
RB27-H05247	27	15	zh/15/ref/create_index.sgml	160	B-tree	B-树	F03-U0118	HISTORICAL_ROLLBACK
RB27-H05248	27	15	zh/15/ref/create_index.sgml	173	B-tree	B-树	F03-U0119	HISTORICAL_ROLLBACK
RB27-H05249	27	15	zh/15/ref/create_index.sgml	379	B-tree	B-树	F03-U0120	HISTORICAL_ROLLBACK
RB27-H05250	27	15	zh/15/ref/create_index.sgml	393	B-tree	B-树	F03-U0121	HISTORICAL_ROLLBACK
RB27-H05251	27	15	zh/15/ref/create_index.sgml	396	B-tree	B-树	F03-U0121	HISTORICAL_ROLLBACK
RB27-H05252	27	15	zh/15/ref/create_index.sgml	402	B-tree	B-树	F03-U0122	HISTORICAL_ROLLBACK
RB27-H05253	27	15	zh/15/ref/create_index.sgml	403	B-tree	B-树	F03-U0122	HISTORICAL_ROLLBACK
RB27-H05254	27	15	zh/15/ref/create_index.sgml	406	B-tree	B-树	F03-U0122	HISTORICAL_ROLLBACK
RB27-H05255	27	15	zh/15/ref/create_index.sgml	427	B-tree	B-树	F03-U0123	HISTORICAL_ROLLBACK
RB27-H05256	27	15	zh/15/ref/create_index.sgml	441	B-tree	B-树	F03-U0124	HISTORICAL_ROLLBACK
RB27-H05257	27	15	zh/15/ref/create_index.sgml	684	B-tree	B-树	F03-U0125	HISTORICAL_ROLLBACK
RB27-H05258	27	15	zh/15/ref/create_index.sgml	688	B-tree	B-树	F03-U0125	HISTORICAL_ROLLBACK
RB27-H05259	27	15	zh/15/ref/create_index.sgml	694	B-tree	B-树	F03-U0126	HISTORICAL_ROLLBACK
RB27-H05260	27	15	zh/15/ref/create_index.sgml	717	B-tree	B-树	F03-U0127	HISTORICAL_ROLLBACK
RB27-H05261	27	15	zh/15/ref/create_index.sgml	751	B-tree	B-树	F03-U0128	HISTORICAL_ROLLBACK
RB27-H05262	27	15	zh/15/ref/create_index.sgml	826	B-tree	B-树	F03-U0129	HISTORICAL_ROLLBACK
RB27-H05263	27	15	zh/15/ref/create_index.sgml	834	B-tree	B-树	F03-U0130	HISTORICAL_ROLLBACK
RB27-H05264	27	15	zh/15/ref/create_index.sgml	842	B-tree	B-树	F03-U0131	HISTORICAL_ROLLBACK
RB27-H05265	27	15	zh/15/ref/create_opclass.sgml	156	B-tree	B-树	F03-U0132	HISTORICAL_ROLLBACK
RB27-H05266	27	15	zh/15/ref/create_opclass.sgml	157	B-tree	B-树	F03-U0132	HISTORICAL_ROLLBACK
RB27-H05267	27	15	zh/15/ref/create_opclass.sgml	157	B-tree	B-树	F03-U0132	HISTORICAL_ROLLBACK
RB27-H05268	27	15	zh/15/ref/create_opclass.sgml	161	B-tree	B-树	F03-U0132	HISTORICAL_ROLLBACK
RB27-H05269	27	15	zh/15/ref/create_operator.sgml	287	B-tree	B-树	F03-U0133	HISTORICAL_ROLLBACK
RB27-LOWER-P0051	27	15	zh/15/ref/create_table.sgml	348	btree	B-树	RB27-LOWER-029	CORRESPONDENCE_SYNC
RB27-H05270	27	15	zh/15/ref/create_table.sgml	796	B-tree	B-树	F03-U0134	HISTORICAL_ROLLBACK
RB27-H05271	27	15	zh/15/ref/create_table.sgml	844	B-tree	B-树	F03-U0135	HISTORICAL_ROLLBACK
RB27-H05272	27	15	zh/15/ref/create_table.sgml	885	B-tree	B-树	F03-U0136	HISTORICAL_ROLLBACK
RB27-H05273	27	15	zh/15/ref/create_type.sgml	141	B-tree	B-树	F03-U0137	HISTORICAL_ROLLBACK
RB27-H05274	27,127	15	zh/15/ref/create_type.sgml	142	B-tree	B-树	F03-U0137	HISTORICAL_ROLLBACK
RB27-H05275	27,127	15	zh/15/ref/create_type.sgml	294	B-tree	B-树	F03-U0138	HISTORICAL_ROLLBACK
RB27-H05276	27	15	zh/15/ref/create_type.sgml	554	B-tree	B-树	F03-U0139	HISTORICAL_ROLLBACK
IH0143	199	15	zh/15/ref/explain.sgml	151	整页映像	整页镜像	RB199-explain-wal-mention1	HISTORICAL_ROLLBACK
RB27-H05277	27	15	zh/15/ref/pg_amcheck.sgml	38	B-tree	B-树	F03-U0140	HISTORICAL_ROLLBACK
RB27-H05278	27	15	zh/15/ref/pg_amcheck.sgml	198	B-tree	B-树	F03-U0141	HISTORICAL_ROLLBACK
RB27-H05279	27	15	zh/15/ref/pg_amcheck.sgml	284	B-tree	B-树	F03-U0142	HISTORICAL_ROLLBACK
RB27-H05280	27	15	zh/15/ref/pg_amcheck.sgml	309	B-tree	B-树	F03-U0143	HISTORICAL_ROLLBACK
RB27-H05281	27	15	zh/15/ref/pg_amcheck.sgml	327	B-tree	B-树	F03-U0144	HISTORICAL_ROLLBACK
RB27-H05282	27	15	zh/15/ref/pg_amcheck.sgml	336	B-tree	B-树	F03-U0145	HISTORICAL_ROLLBACK
IH0064	199	15	zh/15/ref/pg_waldump.sgml	220	整页映像	整页镜像	RB199-waldump-fullpage	HISTORICAL_ROLLBACK
IH0065	199	15	zh/15/ref/pg_waldump.sgml	240	整页映像	整页镜像	RB199-waldump-stats	HISTORICAL_ROLLBACK
IH0066	199	15	zh/15/ref/pg_waldump.sgml	257	整页映像	整页镜像	RB199-waldump-save-mention1	HISTORICAL_ROLLBACK
IH0067	199	15	zh/15/ref/pg_waldump.sgml	258	映像	镜像	RB199-waldump-save-mention2	HISTORICAL_ROLLBACK
IH0068	199	15	zh/15/ref/pg_waldump.sgml	261	整页映像	整页镜像	RB199-waldump-format	HISTORICAL_ROLLBACK
IH0069	199	15	zh/15/ref/pg_waldump.sgml	283	映像	镜像	RB199-waldump-lsn	HISTORICAL_ROLLBACK
IH0070	199	15	zh/15/ref/pg_waldump.sgml	310	整页映像	整页镜像	RB199-waldump-fork	HISTORICAL_ROLLBACK
RB27-H05283	27	15	zh/15/ref/reindex.sgml	57	B-tree	B-树	F03-U0146	HISTORICAL_ROLLBACK
RB27-H05284	27	15	zh/15/ref/select.sgml	1251	B-tree	B-树	F03-U0147	HISTORICAL_ROLLBACK
RB27-LOWER-P0052	27	15	zh/15/release-15.sgml	1685	btree	B-树	RB27-LOWER-012	CORRESPONDENCE_SYNC
RB27-LOWER-P0053	27	15	zh/15/release-15.sgml	2331	btree	B-树	RB27-LOWER-004	CORRESPONDENCE_SYNC
RB27-LOWER-P0054	27	15	zh/15/release-15.sgml	2472	btree	B-树	RB27-LOWER-024	CORRESPONDENCE_SYNC
RB27-LOWER-P0055	27	15	zh/15/release-15.sgml	4959	btree	B-树	RB27-LOWER-006	CORRESPONDENCE_SYNC
RB27-LOWER-P0056	27	15	zh/15/release-15.sgml	4982	btree	B-树	RB27-LOWER-005	CORRESPONDENCE_SYNC
RB27-LOWER-P0057	27	15	zh/15/release-15.sgml	5004	btree	B-树	RB27-LOWER-007	CORRESPONDENCE_SYNC
RB27-LOWER-P0058	27	15	zh/15/release-15.sgml	5274	btree	B-树	RB27-LOWER-009	CORRESPONDENCE_SYNC
RB27-LOWER-P0059	27	15	zh/15/release-15.sgml	6346	btree	B-树	RB27-LOWER-041	CORRESPONDENCE_SYNC
RB27-S028	27	15	zh/15/release-15.sgml	6973	btree	B-树	F03-U0181	CROSS_VERSION_ALIGNMENT
INDEX27-15-R13	27	15	zh/15/release-15.sgml	10411	B-tree	B-树	RB27-ASSOC-RELEASE-SQL-FUNCTION-SUPPORT	CORRESPONDENCE_SYNC
RB27-LOWER-P0060	27	15	zh/15/release-15.sgml	14710	btree	B-树	RB27-LOWER-021	CORRESPONDENCE_SYNC
RB27-LOWER-P0061	27	15	zh/15/release-15.sgml	14717	btree	B-树	RB27-LOWER-022	CORRESPONDENCE_SYNC
RB27-LOWER-P0062	27	15	zh/15/release-15.sgml	14720	btree	B-树	RB27-LOWER-022	CORRESPONDENCE_SYNC
RB27-LOWER-P0063	27	15	zh/15/release-15.sgml	14889	btree	B-树	RB27-LOWER-032	CORRESPONDENCE_SYNC
RB27-LOWER-P0064	27	15	zh/15/release-15.sgml	15810	btree	B-树	RB27-LOWER-008	CORRESPONDENCE_SYNC
RB27-LOWER-P0065	27	15	zh/15/release-15.sgml	16349	btree	B-树	RB27-LOWER-013	CORRESPONDENCE_SYNC
RB27-LOWER-P0066	27	15	zh/15/release-15.sgml	16620	btree	B-树	RB27-LOWER-039	CORRESPONDENCE_SYNC
RB27-LOWER-P0067	27	15	zh/15/release-15.sgml	21355	btree	B-树	RB27-LOWER-038	CORRESPONDENCE_SYNC
RB27-LOWER-P0068	27	15	zh/15/release-15.sgml	21399	btree	B-树	RB27-LOWER-037	CORRESPONDENCE_SYNC
IH0019	199	15	zh/15/release-15.sgml	23322	整页映像	整页镜像	RB199-release-filter	HISTORICAL_ROLLBACK
RB27-H05286	27	15	zh/15/storage.sgml	791	B-tree	B-树	F03-U0149	HISTORICAL_ROLLBACK
OT-P0011	385	15	zh/15/syntax.sgml	1231	数	点	OT-385-10-percentile-calculations	HISTORICAL_ROLLBACK
OT-P0012	385	15	zh/15/syntax.sgml	1243	百分位数	百分位点	OT-385-12-seealso-index	HISTORICAL_ROLLBACK
OT-P0044	385	15	zh/15/syntax.sgml	1254	百分位数	百分位点	OT-385-13-returned-50th-value	CORRESPONDENCE_SYNC
IH0071	199	15	zh/15/wal.sgml	140	整页映像	整页镜像	RB199-reliability-images-mention1	HISTORICAL_ROLLBACK
IH0072	199	15	zh/15/wal.sgml	143	页面映像	页面镜像	RB199-reliability-images-mention2	HISTORICAL_ROLLBACK
IH0073	199	15	zh/15/wal.sgml	160	整页映像	整页镜像	RB199-reliability-checksum	HISTORICAL_ROLLBACK
OT-P0032	385	15	zh/15/xaggr.sgml	265	数	点	OT-385-15-rank-or-percentile	HISTORICAL_ROLLBACK
RB27-H05287	27	15	zh/15/xindex.sgml	12	B-tree	B-树	F03-U0150	HISTORICAL_ROLLBACK
RB27-H06420	27	15	zh/15/xindex.sgml	24	B-tree	B-树	F03-U0183	HISTORICAL_ROLLBACK
RB27-H05288	27	15	zh/15/xindex.sgml	34	B-tree	B-树	F03-U0151	HISTORICAL_ROLLBACK
RB27-H05289	27	15	zh/15/xindex.sgml	34	B-tree	B-树	F03-U0151	HISTORICAL_ROLLBACK
RB27-H05290	27	15	zh/15/xindex.sgml	38	B-tree	B-树	F03-U0152	HISTORICAL_ROLLBACK
RB27-H05291	27	15	zh/15/xindex.sgml	46	B-tree	B-树	F03-U0153	HISTORICAL_ROLLBACK
RB27-H05292	27	15	zh/15/xindex.sgml	46	B-tree	B-树	F03-U0153	HISTORICAL_ROLLBACK
RB27-H05293	27	15	zh/15/xindex.sgml	50	B-tree	B-树	F03-U0154	HISTORICAL_ROLLBACK
RB27-H05294	27	15	zh/15/xindex.sgml	54	B-tree	B-树	F03-U0155	HISTORICAL_ROLLBACK
RB27-H05295	27	15	zh/15/xindex.sgml	298	B-tree	B-树	F03-U0156	HISTORICAL_ROLLBACK
RB27-H05296	27	15	zh/15/xindex.sgml	311	B-tree	B-树	F03-U0157	HISTORICAL_ROLLBACK
RB27-H05297	27	15	zh/15/xindex.sgml	315	B-tree	B-树	F03-U0158	HISTORICAL_ROLLBACK
RB27-H05298	27	15	zh/15/xindex.sgml	346	B-tree	B-树	F03-U0159	HISTORICAL_ROLLBACK
RB27-H05299	27	15	zh/15/xindex.sgml	662	B-tree	B-树	F03-U0160	HISTORICAL_ROLLBACK
RB27-H05300	27	15	zh/15/xindex.sgml	662	B-tree	B-树	F03-U0160	HISTORICAL_ROLLBACK
RB27-H05301	27	15	zh/15/xindex.sgml	670	B-tree	B-树	F03-U0161	HISTORICAL_ROLLBACK
RB27-H05302	27	15	zh/15/xindex.sgml	682	B-tree	B-树	F03-U0162	HISTORICAL_ROLLBACK
RB27-H05303	27	15	zh/15/xindex.sgml	763	B-tree	B-树	F03-U0163	HISTORICAL_ROLLBACK
RB27-H05304	27	15	zh/15/xindex.sgml	790	B-tree	B-树	F03-U0164	HISTORICAL_ROLLBACK
RB27-H05305	27,127	15	zh/15/xindex.sgml	802	B-tree	B-树	F03-U0165	HISTORICAL_ROLLBACK
RB27-H05306	27	15	zh/15/xindex.sgml	810	B-tree	B-树	F03-U0166	HISTORICAL_ROLLBACK
RB27-H05307	27	15	zh/15/xindex.sgml	822	B-tree	B-树	F03-U0167	HISTORICAL_ROLLBACK
RB27-H05308	27	15	zh/15/xindex.sgml	930	B-tree	B-树	F03-U0168	HISTORICAL_ROLLBACK
RB27-H05309	27	15	zh/15/xindex.sgml	942	B-tree	B-树	F03-U0169	HISTORICAL_ROLLBACK
RB27-H05310	27,127	15	zh/15/xindex.sgml	964	B-tree	B-树	F03-U0170	HISTORICAL_ROLLBACK
RB27-H05311	27,127	15	zh/15/xindex.sgml	968	B-tree	B-树	F03-U0171	HISTORICAL_ROLLBACK
RB27-H05312	27,127	15	zh/15/xindex.sgml	982	B-tree	B-树	F03-U0172	HISTORICAL_ROLLBACK
RB27-H05313	27,127	15	zh/15/xindex.sgml	990	B-tree	B-树	F03-U0173	HISTORICAL_ROLLBACK
RB27-H05314	27,127	15	zh/15/xindex.sgml	990	B-tree	B-树	F03-U0173	HISTORICAL_ROLLBACK
RB27-H05315	27	15	zh/15/xindex.sgml	999	B-tree	B-树	F03-U0174	HISTORICAL_ROLLBACK
RB27-H05316	27	15	zh/15/xindex.sgml	999	B-tree	B-树	F03-U0174	HISTORICAL_ROLLBACK
RB27-H05317	27	15	zh/15/xindex.sgml	999	B-tree	B-树	F03-U0174	HISTORICAL_ROLLBACK
RB27-H05318	27	15	zh/15/xindex.sgml	999	B-tree	B-树	F03-U0174	HISTORICAL_ROLLBACK
RB27-H05319	27	15	zh/15/xindex.sgml	1029	B-tree	B-树	F03-U0175	HISTORICAL_ROLLBACK
RB27-H05320	27	15	zh/15/xindex.sgml	1029	B-tree	B-树	F03-U0175	HISTORICAL_ROLLBACK
RB27-H05321	27	15	zh/15/xindex.sgml	1050	B-tree	B-树	F03-U0176	HISTORICAL_ROLLBACK
RB27-H05322	27	16	zh/16/amcheck.sgml	15	B-tree	B-树	F03-U0001	HISTORICAL_ROLLBACK
RB27-H05323	27	16	zh/16/amcheck.sgml	17	B-tree	B-树	F03-U0001	HISTORICAL_ROLLBACK
RB27-H05324	27	16	zh/16/amcheck.sgml	18	B-tree	B-树	F03-U0001	HISTORICAL_ROLLBACK
RB27-H05325	27	16	zh/16/amcheck.sgml	24	B-tree	B-树	F03-U0002	HISTORICAL_ROLLBACK
RB27-H05326	27	16	zh/16/amcheck.sgml	24	B-tree	B-树	F03-U0002	HISTORICAL_ROLLBACK
RB27-H05327	27	16	zh/16/amcheck.sgml	28	B-tree	B-树	F03-U0003	HISTORICAL_ROLLBACK
RB27-H05328	27	16	zh/16/amcheck.sgml	55	B-tree	B-树	F03-U0004	HISTORICAL_ROLLBACK
RB27-H05329	27	16	zh/16/amcheck.sgml	114	B-tree	B-树	F03-U0005	HISTORICAL_ROLLBACK
RB27-H05330	27	16	zh/16/amcheck.sgml	139	B-tree	B-树	F03-U0006	HISTORICAL_ROLLBACK
RB27-H05331	27	16	zh/16/amcheck.sgml	140	B-tree	B-树	F03-U0006	HISTORICAL_ROLLBACK
RB27-H05332	27	16	zh/16/amcheck.sgml	301	B-tree	B-树	F03-U0007	HISTORICAL_ROLLBACK
RB27-H05333	27	16	zh/16/amcheck.sgml	341	B-tree	B-树	F03-U0008	HISTORICAL_ROLLBACK
RB27-H05334	27	16	zh/16/arch-dev.sgml	201	B-tree	B-树	F03-U0009	HISTORICAL_ROLLBACK
RB27-H05335	27	16	zh/16/arch-dev.sgml	201	B-tree	B-树	F03-U0009	HISTORICAL_ROLLBACK
RB27-H05336	27	16	zh/16/arch-dev.sgml	201	B-tree	B-树	F03-U0009	HISTORICAL_ROLLBACK
RB27-H05337	27	16	zh/16/bloom.sgml	23	B-tree	B-树	F03-U0010	HISTORICAL_ROLLBACK
RB27-H05338	27	16	zh/16/bloom.sgml	23	B-tree	B-树	F03-U0010	HISTORICAL_ROLLBACK
RB27-H05339	27	16	zh/16/bloom.sgml	23	B-tree	B-树	F03-U0010	HISTORICAL_ROLLBACK
RB27-H05340	27	16	zh/16/bloom.sgml	72	B-tree	B-树	F03-U0011	HISTORICAL_ROLLBACK
RB27-H05341	27	16	zh/16/bloom.sgml	72	B-tree	B-树	F03-U0011	HISTORICAL_ROLLBACK
RB27-H05342	27	16	zh/16/bloom.sgml	106	B-tree	B-树	F03-U0012	HISTORICAL_ROLLBACK
RB27-H05343	27	16	zh/16/bloom.sgml	129	B-tree	B-树	F03-U0013	HISTORICAL_ROLLBACK
RB27-H05344	27	16	zh/16/bloom.sgml	157	B-tree	B-树	F03-U0014	HISTORICAL_ROLLBACK
RB27-H05345	27	16	zh/16/bloom.sgml	157	B-tree	B-树	F03-U0014	HISTORICAL_ROLLBACK
RB27-H05346	27	16	zh/16/bloom.sgml	157	B-tree	B-树	F03-U0014	HISTORICAL_ROLLBACK
RB27-H05347	27	16	zh/16/bloom.sgml	191	B-tree	B-树	F03-U0014	HISTORICAL_ROLLBACK
RB27-H05348	27	16	zh/16/btree-gin.sgml	4	B-tree	B-树	F03-U0178	HISTORICAL_ROLLBACK
RB27-H05349	27	16	zh/16/btree-gin.sgml	11	B-tree	B-树	F03-U0015	HISTORICAL_ROLLBACK
RB27-H05350	27	16	zh/16/btree-gin.sgml	24	B-tree	B-树	F03-U0016	HISTORICAL_ROLLBACK
RB27-H05351	27	16	zh/16/btree-gin.sgml	24	B-tree	B-树	F03-U0016	HISTORICAL_ROLLBACK
RB27-H05352	27	16	zh/16/btree-gin.sgml	24	B-tree	B-树	F03-U0016	HISTORICAL_ROLLBACK
RB27-H05353	27	16	zh/16/btree-gist.sgml	4	B-tree	B-树	F03-U0179	HISTORICAL_ROLLBACK
RB27-H05354	27	16	zh/16/btree-gist.sgml	11	B-tree	B-树	F03-U0017	HISTORICAL_ROLLBACK
RB27-H05355	27	16	zh/16/btree-gist.sgml	23	B-tree	B-树	F03-U0018	HISTORICAL_ROLLBACK
RB27-H05356	27	16	zh/16/btree-gist.sgml	23	B-tree	B-树	F03-U0018	HISTORICAL_ROLLBACK
RB27-H05357	27	16	zh/16/btree-gist.sgml	23	B-tree	B-树	F03-U0018	HISTORICAL_ROLLBACK
RB27-H05358	27	16	zh/16/btree-gist.sgml	27	B-tree	B-树	F03-U0019	HISTORICAL_ROLLBACK
RB27-H05359	27	16	zh/16/btree.sgml	4	B-tree	B-树	F03-U0020	HISTORICAL_ROLLBACK
INDEX27-16	27	16	zh/16/btree.sgml	8	B-Tree	B-树	RB27-INDEX-SECONDARY	CORRESPONDENCE_SYNC
RB27-ACRONYM-P05	27	16	zh/16/btree.sgml	15		B-树（	RB27-ACRONYM-001	CORRESPONDENCE_SYNC
RB27-ACRONYM-P06	27	16	zh/16/btree.sgml	15	"
  （"	，即	RB27-ACRONYM-001	CORRESPONDENCE_SYNC
RB27-LOWER-P0069	27	16	zh/16/btree.sgml	16	btree	B-树	RB27-LOWER-018	CORRESPONDENCE_SYNC
RB27-LOWER-P0070	27	16	zh/16/btree.sgml	21	btree	B-树	RB27-LOWER-026	CORRESPONDENCE_SYNC
RB27-LOWER-P0071	27	16	zh/16/btree.sgml	21	btree	B-树	RB27-LOWER-026	CORRESPONDENCE_SYNC
RB27-LOWER-P0072	27	16	zh/16/btree.sgml	24	btree	B-树	RB27-LOWER-026	CORRESPONDENCE_SYNC
RB27-H05360	27	16	zh/16/btree.sgml	31	B-tree	B-树	F03-U0021	HISTORICAL_ROLLBACK
RB27-LOWER-P0073	27	16	zh/16/btree.sgml	34	btree	B-树	RB27-LOWER-010	CORRESPONDENCE_SYNC
RB27-LOWER-P0074	27	16	zh/16/btree.sgml	42	btree	B-树	RB27-LOWER-010	CORRESPONDENCE_SYNC
RB27-LOWER-P0075	27	16	zh/16/btree.sgml	52	btree	B-树	RB27-LOWER-027	CORRESPONDENCE_SYNC
RB27-LOWER-P0076	27	16	zh/16/btree.sgml	171	btree	B-树	RB27-LOWER-019	CORRESPONDENCE_SYNC
RB27-LOWER-P0077	27	16	zh/16/btree.sgml	171	btree	B-树	RB27-LOWER-019	CORRESPONDENCE_SYNC
RB27-H05361	27	16	zh/16/btree.sgml	177	B-tree	B-树	F03-U0022	HISTORICAL_ROLLBACK
RB27-LOWER-P0078	27	16	zh/16/btree.sgml	187	btree	B-树	RB27-LOWER-011	CORRESPONDENCE_SYNC
RB27-LOWER-P0079	27	16	zh/16/btree.sgml	215	btree	B-树	RB27-LOWER-036	CORRESPONDENCE_SYNC
RB27-LOWER-P0080	27	16	zh/16/btree.sgml	234	btree	B-树	RB27-LOWER-017	CORRESPONDENCE_SYNC
RB27-LOWER-P0081	27	16	zh/16/btree.sgml	235	btree	B-树	RB27-LOWER-017	CORRESPONDENCE_SYNC
RB27-LOWER-P0082	27	16	zh/16/btree.sgml	401	btree	B-树	RB27-LOWER-014	CORRESPONDENCE_SYNC
RB27-LOWER-P0083	27	16	zh/16/btree.sgml	403	btree	B-树	RB27-LOWER-014	CORRESPONDENCE_SYNC
RB27-H05362	27	16	zh/16/btree.sgml	465	B-tree	B-树	F03-U0023	HISTORICAL_ROLLBACK
RB27-H05363	27	16	zh/16/btree.sgml	481	B-tree	B-树	F03-U0024	HISTORICAL_ROLLBACK
RB27-H05364	27	16	zh/16/btree.sgml	482	B-tree	B-树	F03-U0024	HISTORICAL_ROLLBACK
RB27-H05365	27	16	zh/16/btree.sgml	484	B-tree	B-树	F03-U0024	HISTORICAL_ROLLBACK
RB27-H05366	27	16	zh/16/btree.sgml	486	B-tree	B-树	F03-U0024	HISTORICAL_ROLLBACK
RB27-H05367	27	16	zh/16/btree.sgml	487	B-tree	B-树	F03-U0024	HISTORICAL_ROLLBACK
RB27-LOWER-P0084	27	16	zh/16/btree.sgml	496	btree	B-树	RB27-LOWER-035	CORRESPONDENCE_SYNC
RB27-H05368	27	16	zh/16/btree.sgml	520	B-tree	B-树	F03-U0025	HISTORICAL_ROLLBACK
RB27-H05369	27	16	zh/16/btree.sgml	520	B-tree	B-树	F03-U0025	HISTORICAL_ROLLBACK
RB27-H05370	27	16	zh/16/btree.sgml	524	B-tree	B-树	F03-U0026	HISTORICAL_ROLLBACK
RB27-H05371	27	16	zh/16/btree.sgml	526	B-tree	B-树	F03-U0027	HISTORICAL_ROLLBACK
RB27-H05372	27	16	zh/16/btree.sgml	532	B-tree	B-树	F03-U0028	HISTORICAL_ROLLBACK
RB27-H05373	27	16	zh/16/btree.sgml	539	B-tree	B-树	F03-U0029	HISTORICAL_ROLLBACK
RB27-H05374	27	16	zh/16/btree.sgml	549	B-tree	B-树	F03-U0030	HISTORICAL_ROLLBACK
RB27-H05375	27	16	zh/16/btree.sgml	554	B-tree	B-树	F03-U0031	HISTORICAL_ROLLBACK
RB27-H05376	27	16	zh/16/btree.sgml	561	B-tree	B-树	F03-U0032	HISTORICAL_ROLLBACK
RB27-H05377	27	16	zh/16/btree.sgml	568	B-tree	B-树	F03-U0033	HISTORICAL_ROLLBACK
RB27-H05378	27	16	zh/16/btree.sgml	586	B-tree	B-树	F03-U0034	HISTORICAL_ROLLBACK
RB27-H05379	27	16	zh/16/btree.sgml	595	B-tree	B-树	F03-U0035	HISTORICAL_ROLLBACK
RB27-H05380	27	16	zh/16/btree.sgml	596	B-tree	B-树	F03-U0035	HISTORICAL_ROLLBACK
RB27-H05381	27	16	zh/16/btree.sgml	598	B-tree	B-树	F03-U0035	HISTORICAL_ROLLBACK
RB27-H05382	27	16	zh/16/btree.sgml	604	B-tree	B-树	F03-U0036	HISTORICAL_ROLLBACK
RB27-H05383	27	16	zh/16/btree.sgml	658	B-tree	B-树	F03-U0037	HISTORICAL_ROLLBACK
RB27-H05384	27	16	zh/16/catalogs.sgml	806	B-tree	B-树	F03-U0038	HISTORICAL_ROLLBACK
RB27-H05385	27	16	zh/16/catalogs.sgml	829	B-tree	B-树	F03-U0039	HISTORICAL_ROLLBACK
RB27-H05386	27	16	zh/16/charset.sgml	1052	B-tree	B-树	F03-U0040	HISTORICAL_ROLLBACK
RB27-H05387	27	16	zh/16/citext.sgml	213	B-tree	B-树	F03-U0041	HISTORICAL_ROLLBACK
RB27-H05388	27	16	zh/16/citext.sgml	214	B-tree	B-树	F03-U0041	HISTORICAL_ROLLBACK
RB27-H05389	27	16	zh/16/config.sgml	2151	B-tree	B-树	F03-U0042	HISTORICAL_ROLLBACK
IH0006	199	16	zh/16/config.sgml	2455	整页映像	整页镜像	RB199-full-writes	HISTORICAL_ROLLBACK
IH0007	199	16	zh/16/config.sgml	2509	整页映像	整页镜像	RB199-compression-mention1	HISTORICAL_ROLLBACK
IH0008	199	16	zh/16/config.sgml	2510	页映像	页镜像	RB199-compression-mention2	HISTORICAL_ROLLBACK
RB27-H05390	27	16	zh/16/config.sgml	9346	B-tree	B-树	F03-U0043	HISTORICAL_ROLLBACK
IH0009	199	16	zh/16/config.sgml	9365	整页映像	整页镜像	RB199-consistency-mention1	HISTORICAL_ROLLBACK
IH0151	199	16	zh/16/config.sgml	9365	映像	镜像	RB199-consistency-mention2	CORRESPONDENCE_SYNC
RB27-H05391	27	16	zh/16/cube.sgml	217	B-tree	B-树	F03-U0044	HISTORICAL_ROLLBACK
RB27-H05392	27	16	zh/16/ddl.sgml	671	B-tree	B-树	F03-U0045	HISTORICAL_ROLLBACK
RB27-H05393	27	16	zh/16/ddl.sgml	748	B-tree	B-树	F03-U0046	HISTORICAL_ROLLBACK
RB27-H05394	27	16	zh/16/ddl.sgml	3848	B-tree	B-树	F03-U0047	HISTORICAL_ROLLBACK
RB27-H05395	27	16	zh/16/ddl.sgml	3848	B-tree	B-树	F03-U0047	HISTORICAL_ROLLBACK
RB27-H05396	27	16	zh/16/func.sgml	13594	B-tree	B-树	F03-U0048	HISTORICAL_ROLLBACK
RB27-H05397	27	16	zh/16/func.sgml	16223	B-tree	B-树	F03-U0049	HISTORICAL_ROLLBACK
OT-P0013	385	16	zh/16/func.sgml	18709	百分位数	百分位点	OT-385-01-continuous-index-primary	HISTORICAL_ROLLBACK
OT-P0014	385	16	zh/16/func.sgml	18720	连续百分位数	连续百分位点	OT-385-03-continuous-firstterm	HISTORICAL_ROLLBACK
OT-P0015	385	16	zh/16/func.sgml	18736	数	点	OT-385-04-multiple-continuous-results	HISTORICAL_ROLLBACK
OT-P0016	385	16	zh/16/func.sgml	18736	数	点	OT-385-05-continuous-result-anaphor	HISTORICAL_ROLLBACK
RB27-H05398	27	16	zh/16/func.sgml	19554	B-tree	B-树	F03-U0050	HISTORICAL_ROLLBACK
RB27-H05399	27	16	zh/16/func.sgml	19554	B-tree	B-树	F03-U0050	HISTORICAL_ROLLBACK
RB27-H05400	27	16	zh/16/func.sgml	19620	B-tree	B-树	F03-U0051	HISTORICAL_ROLLBACK
RB27-H05401	27	16	zh/16/func.sgml	19620	B-tree	B-树	F03-U0051	HISTORICAL_ROLLBACK
RB27-H05402	27,127	16	zh/16/func.sgml	19625	B-tree	B-树	F03-U0052	HISTORICAL_ROLLBACK
RB27-H05403	27	16	zh/16/func.sgml	19634	B-tree	B-树	F03-U0052	HISTORICAL_ROLLBACK
IH0074	199	16	zh/16/generic-wal.sgml	38	整页映像	整页镜像	RB199-generic-register	HISTORICAL_ROLLBACK
IH0075	199	16	zh/16/generic-wal.sgml	44	页面映像	页面镜像	RB199-generic-modify	HISTORICAL_ROLLBACK
IH0076	199	16	zh/16/generic-wal.sgml	57	页面映像	页面镜像	RB199-generic-abort	HISTORICAL_ROLLBACK
IH0077	199	16	zh/16/generic-wal.sgml	72	页面映像	页面镜像	RB199-generic-interleave	HISTORICAL_ROLLBACK
IH0078	199	16	zh/16/generic-wal.sgml	114	页面映像	页面镜像	RB199-generic-delta-mention1	HISTORICAL_ROLLBACK
IH0079	199	16	zh/16/generic-wal.sgml	114	页面映像	页面镜像	RB199-generic-delta-mention2	HISTORICAL_ROLLBACK
RB27-H05404	27	16	zh/16/geqo.sgml	19	B-tree	B-树	F03-U0055	HISTORICAL_ROLLBACK
RB27-H05405	27,127	16	zh/16/gin.sgml	308	B-tree	B-树	F03-U0056	HISTORICAL_ROLLBACK
RB27-H05406	27	16	zh/16/gin.sgml	309	B-tree	B-树	F03-U0056	HISTORICAL_ROLLBACK
RB27-H05407	27	16	zh/16/gin.sgml	376	B-tree	B-树	F03-U0057	HISTORICAL_ROLLBACK
RB27-H05408	27	16	zh/16/gin.sgml	377	B-tree	B-树	F03-U0057	HISTORICAL_ROLLBACK
RB27-H05409	27	16	zh/16/gin.sgml	389	B-tree	B-树	F03-U0058	HISTORICAL_ROLLBACK
RB27-H05410	27	16	zh/16/gin.sgml	548	B-tree	B-树	F03-U0059	HISTORICAL_ROLLBACK
RB27-H05411	27	16	zh/16/gist.sgml	15	B-tree	B-树	F03-U0060	HISTORICAL_ROLLBACK
RB27-H05412	27	16	zh/16/gist.sgml	214	B-tree	B-树	F03-U0061	HISTORICAL_ROLLBACK
RB27-H05413	27	16	zh/16/gist.sgml	214	B-tree	B-树	F03-U0061	HISTORICAL_ROLLBACK
RB27-H05414	27	16	zh/16/gist.sgml	214	B-tree	B-树	F03-U0061	HISTORICAL_ROLLBACK
RB27-H05415	27	16	zh/16/gist.sgml	218	B-tree	B-树	F03-U0062	HISTORICAL_ROLLBACK
RB27-H05416	27	16	zh/16/gist.sgml	222	B-tree	B-树	F03-U0063	HISTORICAL_ROLLBACK
RB27-H05417	27	16	zh/16/gist.sgml	1057	B-tree	B-树	F03-U0064	HISTORICAL_ROLLBACK
RB27-H05418	27	16	zh/16/hash.sgml	28	B-tree	B-树	F03-U0065	HISTORICAL_ROLLBACK
RB27-H05419	27	16	zh/16/hash.sgml	32	B-tree	B-树	F03-U0066	HISTORICAL_ROLLBACK
RB27-H05420	27	16	zh/16/hash.sgml	36	B-tree	B-树	F03-U0067	HISTORICAL_ROLLBACK
RB27-H05421	27	16	zh/16/hash.sgml	45	B-tree	B-树	F03-U0068	HISTORICAL_ROLLBACK
RB27-H05425	27	16	zh/16/indexam.sgml	490	B-tree	B-树	F03-U0069	HISTORICAL_ROLLBACK
RB27-H05426	27	16	zh/16/indexam.sgml	490	B-tree	B-树	F03-U0069	HISTORICAL_ROLLBACK
RB27-H05427	27	16	zh/16/indexam.sgml	544	B-tree	B-树	F03-U0070	HISTORICAL_ROLLBACK
RB27-H05428	27	16	zh/16/indexam.sgml	589	B-tree	B-树	F03-U0071	HISTORICAL_ROLLBACK
RB27-S006	27	16	zh/16/indices.sgml	91	B-tree	B-树	F03-U0072	CROSS_VERSION_ALIGNMENT
RB27-S007	27	16	zh/16/indices.sgml	93	B-tree	B-树	F03-U0072	CROSS_VERSION_ALIGNMENT
RB27-S008	27	16	zh/16/indices.sgml	100	B-Tree	B-树	F03-U0073	CROSS_VERSION_ALIGNMENT
RB27-S009	27	16	zh/16/indices.sgml	104	B-Tree	B-树	F03-U0073	CROSS_VERSION_ALIGNMENT
RB27-S010	27	16	zh/16/indices.sgml	107	B-Tree	B-树	F03-U0073	CROSS_VERSION_ALIGNMENT
RB27-H05429	27	16	zh/16/indices.sgml	112	B-tree	B-树	F03-U0074	HISTORICAL_ROLLBACK
RB27-H05430	27	16	zh/16/indices.sgml	112	B-tree	B-树	F03-U0074	HISTORICAL_ROLLBACK
RB27-H05431	27	16	zh/16/indices.sgml	118	B-tree	B-树	F03-U0074	HISTORICAL_ROLLBACK
RB27-H05432	27	16	zh/16/indices.sgml	119	B-tree	B-树	F03-U0074	HISTORICAL_ROLLBACK
RB27-H05433	27	16	zh/16/indices.sgml	123	B-tree	B-树	F03-U0075	HISTORICAL_ROLLBACK
RB27-H05434	27	16	zh/16/indices.sgml	124	B-tree	B-树	F03-U0075	HISTORICAL_ROLLBACK
RB27-H05435	27	16	zh/16/indices.sgml	128	B-tree	B-树	F03-U0076	HISTORICAL_ROLLBACK
INDEX27-16-R14	27	16	zh/16/indices.sgml	292	B-tree	B-树	RB27-ASSOC-INDICES-MULTICOLUMN	CORRESPONDENCE_SYNC
RB27-H05436	27	16	zh/16/indices.sgml	296	B-tree	B-树	F03-U0077	HISTORICAL_ROLLBACK
RB27-H05437	27	16	zh/16/indices.sgml	312	B-tree	B-树	F03-U0078	HISTORICAL_ROLLBACK
RB27-H05438	27	16	zh/16/indices.sgml	316	B-tree	B-树	F03-U0079	HISTORICAL_ROLLBACK
INDEX27-16-R15	27	16	zh/16/indices.sgml	338	B-tree	B-树	RB27-ASSOC-INDICES-ORDERING	CORRESPONDENCE_SYNC
RB27-H05439	27	16	zh/16/indices.sgml	346	B-tree	B-树	F03-U0080	HISTORICAL_ROLLBACK
RB27-H05440	27	16	zh/16/indices.sgml	350	B-tree	B-树	F03-U0081	HISTORICAL_ROLLBACK
RB27-H05441	27	16	zh/16/indices.sgml	413	B-tree	B-树	F03-U0082	HISTORICAL_ROLLBACK
RB27-H05442	27	16	zh/16/indices.sgml	683	B-tree	B-树	F03-U0083	HISTORICAL_ROLLBACK
RB27-H05443	27	16	zh/16/indices.sgml	738	B-tree	B-树	F03-U0084	HISTORICAL_ROLLBACK
INDEX27-16-R16	27	16	zh/16/indices.sgml	750	B-Tree	B-树	RB27-ASSOC-INDICES-UPPER-LEVEL	CORRESPONDENCE_SYNC
INDEX27-16-R17	27	16	zh/16/indices.sgml	750	B-Tree	B-树	RB27-ASSOC-INDICES-LOWEST-LEVEL	CORRESPONDENCE_SYNC
RB27-H05444	27	16	zh/16/indices.sgml	796	B-tree	B-树	F03-U0085	HISTORICAL_ROLLBACK
RB27-H05445	27	16	zh/16/indices.sgml	805	B-tree	B-树	F03-U0086	HISTORICAL_ROLLBACK
RB27-H05446	27	16	zh/16/isn.sgml	198	B-tree	B-树	F03-U0087	HISTORICAL_ROLLBACK
RB27-H05447	27	16	zh/16/lobj.sgml	42	B-tree	B-树	F03-U0088	HISTORICAL_ROLLBACK
RB27-H05448	27	16	zh/16/ltree.sgml	574	B-tree	B-树	F03-U0089	HISTORICAL_ROLLBACK
RB27-H05449	27	16	zh/16/maintenance.sgml	821	B-tree	B-树	F03-U0090	HISTORICAL_ROLLBACK
RB27-H05450	27	16	zh/16/maintenance.sgml	828	B-tree	B-树	F03-U0091	HISTORICAL_ROLLBACK
RB27-H05451	27	16	zh/16/maintenance.sgml	829	B-tree	B-树	F03-U0091	HISTORICAL_ROLLBACK
RB27-H05452	27	16	zh/16/maintenance.sgml	833	B-tree	B-树	F03-U0092	HISTORICAL_ROLLBACK
RB27-H05453	27	16	zh/16/maintenance.sgml	835	B-tree	B-树	F03-U0092	HISTORICAL_ROLLBACK
RB27-H05454	27	16	zh/16/monitoring.sgml	1459	B-tree	B-树	F03-U0093	HISTORICAL_ROLLBACK
RB27-H05455	27	16	zh/16/monitoring.sgml	1794	B-tree	B-树	F03-U0094	HISTORICAL_ROLLBACK
IH0024	199	16	zh/16/monitoring.sgml	2906	整页映像	整页镜像	RB199-prefetch-skip	HISTORICAL_ROLLBACK
IH0025	199	16	zh/16/monitoring.sgml	3903	整页映像	整页镜像	RB199-wal-count	HISTORICAL_ROLLBACK
RB27-H05456	27	16	zh/16/mvcc.sgml	1332	B-tree	B-树	F03-U0095	HISTORICAL_ROLLBACK
RB27-H05457	27	16	zh/16/mvcc.sgml	1366	B-tree	B-树	F03-U0096	HISTORICAL_ROLLBACK
RB27-H05458	27	16	zh/16/mvcc.sgml	1366	B-tree	B-树	F03-U0096	HISTORICAL_ROLLBACK
RB27-H05459	27	16	zh/16/mvcc.sgml	1366	B-tree	B-树	F03-U0096	HISTORICAL_ROLLBACK
RB27-H05460	27	16	zh/16/pageinspect.sgml	238	B-tree	B-树	F03-U0097	HISTORICAL_ROLLBACK
RB27-H05461	27	16	zh/16/pageinspect.sgml	251	B-tree	B-树	F03-U0098	HISTORICAL_ROLLBACK
RB27-H05462	27	16	zh/16/pageinspect.sgml	279	B-tree	B-树	F03-U0099	HISTORICAL_ROLLBACK
RB27-H05463	27	16	zh/16/pageinspect.sgml	352	B-tree	B-树	F03-U0100	HISTORICAL_ROLLBACK
RB27-H05464	27	16	zh/16/pageinspect.sgml	373	B-tree	B-树	F03-U0100	HISTORICAL_ROLLBACK
RB27-H05465	27	16	zh/16/pageinspect.sgml	386	B-tree	B-树	F03-U0101	HISTORICAL_ROLLBACK
RB27-H05466	27	16	zh/16/parallel.sgml	170	B-tree	B-树	F03-U0102	HISTORICAL_ROLLBACK
RB27-H05467	27	16	zh/16/parallel.sgml	173	B-tree	B-树	F03-U0102	HISTORICAL_ROLLBACK
RB27-H05468	27	16	zh/16/parallel.sgml	178	B-tree	B-树	F03-U0103	HISTORICAL_ROLLBACK
IH0080	199	16	zh/16/pgstatstatements.sgml	401	整页映像	整页镜像	RB199-statement-wal-count	HISTORICAL_ROLLBACK
RB27-H05469	27	16	zh/16/pgstattuple.sgml	163	B-tree	B-树	F03-U0104	HISTORICAL_ROLLBACK
RB27-H05470	27	16	zh/16/pgstattuple.sgml	198	B-tree	B-树	F03-U0105	HISTORICAL_ROLLBACK
RB27-H05471	27	16	zh/16/pgtrgm.sgml	391	B-tree	B-树	F03-U0106	HISTORICAL_ROLLBACK
RB27-H05472	27	16	zh/16/pgtrgm.sgml	491	B-tree	B-树	F03-U0107	HISTORICAL_ROLLBACK
RB27-H05473	27	16	zh/16/pgtrgm.sgml	502	B-tree	B-树	F03-U0108	HISTORICAL_ROLLBACK
RB27-H05474	27,127	16	zh/16/queries.sgml	1383	B-tree	B-树	F03-U0109	HISTORICAL_ROLLBACK
RB27-H05475	27	16	zh/16/rangetypes.sgml	290	B-tree	B-树	F03-U0110	HISTORICAL_ROLLBACK
RB27-H05476	27	16	zh/16/rangetypes.sgml	360	B-tree	B-树	F03-U0111	HISTORICAL_ROLLBACK
RB27-H05477	27	16	zh/16/rangetypes.sgml	360	B-tree	B-树	F03-U0111	HISTORICAL_ROLLBACK
RB27-H05478	27	16	zh/16/rangetypes.sgml	360	B-tree	B-树	F03-U0111	HISTORICAL_ROLLBACK
RB27-H05479	27	16	zh/16/ref/alter_opfamily.sgml	137	B-tree	B-树	F03-U0112	HISTORICAL_ROLLBACK
RB27-H05480	27	16	zh/16/ref/alter_opfamily.sgml	139	B-tree	B-树	F03-U0112	HISTORICAL_ROLLBACK
RB27-H05481	27	16	zh/16/ref/alter_opfamily.sgml	140	B-tree	B-树	F03-U0112	HISTORICAL_ROLLBACK
RB27-H05482	27	16	zh/16/ref/alter_opfamily.sgml	257	B-tree	B-树	F03-U0113	HISTORICAL_ROLLBACK
RB27-H05483	27	16	zh/16/ref/alter_table.sgml	354	B-tree	B-树	F03-U0114	HISTORICAL_ROLLBACK
RB27-H05484	27	16	zh/16/ref/cluster.sgml	143	B-tree	B-树	F03-U0115	HISTORICAL_ROLLBACK
RB27-H05485	27	16	zh/16/ref/create_aggregate.sgml	231	B-tree	B-树	F03-U0116	HISTORICAL_ROLLBACK
RB27-H05486	27	16	zh/16/ref/create_index.sgml	60	B-tree	B-树	F03-U0117	HISTORICAL_ROLLBACK
RB27-H05487	27	16	zh/16/ref/create_index.sgml	160	B-tree	B-树	F03-U0118	HISTORICAL_ROLLBACK
RB27-H05488	27	16	zh/16/ref/create_index.sgml	173	B-tree	B-树	F03-U0119	HISTORICAL_ROLLBACK
RB27-H05489	27	16	zh/16/ref/create_index.sgml	379	B-tree	B-树	F03-U0120	HISTORICAL_ROLLBACK
RB27-H05490	27	16	zh/16/ref/create_index.sgml	393	B-tree	B-树	F03-U0121	HISTORICAL_ROLLBACK
RB27-H05491	27	16	zh/16/ref/create_index.sgml	396	B-tree	B-树	F03-U0121	HISTORICAL_ROLLBACK
RB27-H05492	27	16	zh/16/ref/create_index.sgml	402	B-tree	B-树	F03-U0122	HISTORICAL_ROLLBACK
RB27-H05493	27	16	zh/16/ref/create_index.sgml	403	B-tree	B-树	F03-U0122	HISTORICAL_ROLLBACK
RB27-H05494	27	16	zh/16/ref/create_index.sgml	406	B-tree	B-树	F03-U0122	HISTORICAL_ROLLBACK
RB27-H05495	27	16	zh/16/ref/create_index.sgml	427	B-tree	B-树	F03-U0123	HISTORICAL_ROLLBACK
RB27-H05496	27	16	zh/16/ref/create_index.sgml	441	B-tree	B-树	F03-U0124	HISTORICAL_ROLLBACK
RB27-H05497	27	16	zh/16/ref/create_index.sgml	684	B-tree	B-树	F03-U0125	HISTORICAL_ROLLBACK
RB27-H05498	27	16	zh/16/ref/create_index.sgml	688	B-tree	B-树	F03-U0125	HISTORICAL_ROLLBACK
RB27-H05499	27	16	zh/16/ref/create_index.sgml	694	B-tree	B-树	F03-U0126	HISTORICAL_ROLLBACK
RB27-H05500	27	16	zh/16/ref/create_index.sgml	717	B-tree	B-树	F03-U0127	HISTORICAL_ROLLBACK
RB27-H05501	27	16	zh/16/ref/create_index.sgml	751	B-tree	B-树	F03-U0128	HISTORICAL_ROLLBACK
RB27-H05502	27	16	zh/16/ref/create_index.sgml	826	B-tree	B-树	F03-U0129	HISTORICAL_ROLLBACK
RB27-H05503	27	16	zh/16/ref/create_index.sgml	834	B-tree	B-树	F03-U0130	HISTORICAL_ROLLBACK
RB27-H05504	27	16	zh/16/ref/create_index.sgml	842	B-tree	B-树	F03-U0131	HISTORICAL_ROLLBACK
RB27-H05505	27	16	zh/16/ref/create_opclass.sgml	156	B-tree	B-树	F03-U0132	HISTORICAL_ROLLBACK
RB27-H05506	27	16	zh/16/ref/create_opclass.sgml	157	B-tree	B-树	F03-U0132	HISTORICAL_ROLLBACK
RB27-H05507	27	16	zh/16/ref/create_opclass.sgml	157	B-tree	B-树	F03-U0132	HISTORICAL_ROLLBACK
RB27-H05508	27	16	zh/16/ref/create_opclass.sgml	161	B-tree	B-树	F03-U0132	HISTORICAL_ROLLBACK
RB27-H05509	27	16	zh/16/ref/create_operator.sgml	287	B-tree	B-树	F03-U0133	HISTORICAL_ROLLBACK
RB27-LOWER-P0085	27	16	zh/16/ref/create_table.sgml	348	btree	B-树	RB27-LOWER-029	CORRESPONDENCE_SYNC
RB27-H05510	27	16	zh/16/ref/create_table.sgml	796	B-tree	B-树	F03-U0134	HISTORICAL_ROLLBACK
RB27-H05511	27	16	zh/16/ref/create_table.sgml	844	B-tree	B-树	F03-U0135	HISTORICAL_ROLLBACK
RB27-H05512	27	16	zh/16/ref/create_table.sgml	885	B-tree	B-树	F03-U0136	HISTORICAL_ROLLBACK
RB27-H05513	27	16	zh/16/ref/create_type.sgml	141	B-tree	B-树	F03-U0137	HISTORICAL_ROLLBACK
RB27-H05514	27,127	16	zh/16/ref/create_type.sgml	142	B-tree	B-树	F03-U0137	HISTORICAL_ROLLBACK
RB27-H05515	27,127	16	zh/16/ref/create_type.sgml	294	B-tree	B-树	F03-U0138	HISTORICAL_ROLLBACK
RB27-H05516	27	16	zh/16/ref/create_type.sgml	554	B-tree	B-树	F03-U0139	HISTORICAL_ROLLBACK
IH0144	199	16	zh/16/ref/explain.sgml	151	整页映像	整页镜像	RB199-explain-wal-mention1	HISTORICAL_ROLLBACK
RB27-H05517	27	16	zh/16/ref/pg_amcheck.sgml	38	B-tree	B-树	F03-U0140	HISTORICAL_ROLLBACK
RB27-H05518	27	16	zh/16/ref/pg_amcheck.sgml	198	B-tree	B-树	F03-U0141	HISTORICAL_ROLLBACK
RB27-H05519	27	16	zh/16/ref/pg_amcheck.sgml	284	B-tree	B-树	F03-U0142	HISTORICAL_ROLLBACK
RB27-H05520	27	16	zh/16/ref/pg_amcheck.sgml	309	B-tree	B-树	F03-U0143	HISTORICAL_ROLLBACK
RB27-H05521	27	16	zh/16/ref/pg_amcheck.sgml	327	B-tree	B-树	F03-U0144	HISTORICAL_ROLLBACK
RB27-H05522	27	16	zh/16/ref/pg_amcheck.sgml	336	B-tree	B-树	F03-U0145	HISTORICAL_ROLLBACK
IH0081	199	16	zh/16/ref/pg_waldump.sgml	220	整页映像	整页镜像	RB199-waldump-fullpage	HISTORICAL_ROLLBACK
IH0082	199	16	zh/16/ref/pg_waldump.sgml	240	整页映像	整页镜像	RB199-waldump-stats	HISTORICAL_ROLLBACK
IH0083	199	16	zh/16/ref/pg_waldump.sgml	257	整页映像	整页镜像	RB199-waldump-save-mention1	HISTORICAL_ROLLBACK
IH0084	199	16	zh/16/ref/pg_waldump.sgml	258	映像	镜像	RB199-waldump-save-mention2	HISTORICAL_ROLLBACK
IH0085	199	16	zh/16/ref/pg_waldump.sgml	261	整页映像	整页镜像	RB199-waldump-format	HISTORICAL_ROLLBACK
IH0086	199	16	zh/16/ref/pg_waldump.sgml	283	映像	镜像	RB199-waldump-lsn	HISTORICAL_ROLLBACK
IH0087	199	16	zh/16/ref/pg_waldump.sgml	310	整页映像	整页镜像	RB199-waldump-fork	HISTORICAL_ROLLBACK
RB27-H05523	27	16	zh/16/ref/reindex.sgml	57	B-tree	B-树	F03-U0146	HISTORICAL_ROLLBACK
RB27-H05524	27	16	zh/16/ref/select.sgml	1251	B-tree	B-树	F03-U0147	HISTORICAL_ROLLBACK
RB27-LOWER-P0086	27	16	zh/16/release-16.sgml	1856	btree	B-树	RB27-LOWER-012	CORRESPONDENCE_SYNC
RB27-LOWER-P0087	27	16	zh/16/release-16.sgml	2533	btree	B-树	RB27-LOWER-004	CORRESPONDENCE_SYNC
RB27-LOWER-P0088	27	16	zh/16/release-16.sgml	2674	btree	B-树	RB27-LOWER-024	CORRESPONDENCE_SYNC
RB27-LOWER-P0089	27	16	zh/16/release-16.sgml	5434	btree	B-树	RB27-LOWER-006	CORRESPONDENCE_SYNC
RB27-LOWER-P0090	27	16	zh/16/release-16.sgml	5457	btree	B-树	RB27-LOWER-005	CORRESPONDENCE_SYNC
RB27-LOWER-P0091	27	16	zh/16/release-16.sgml	5479	btree	B-树	RB27-LOWER-007	CORRESPONDENCE_SYNC
RB27-LOWER-P0092	27	16	zh/16/release-16.sgml	5769	btree	B-树	RB27-LOWER-009	CORRESPONDENCE_SYNC
RB27-LOWER-P0093	27	16	zh/16/release-16.sgml	6893	btree	B-树	RB27-LOWER-041	CORRESPONDENCE_SYNC
RB27-H05526	27	16	zh/16/release-16.sgml	7548	B-tree	B-树	F03-U0181	HISTORICAL_ROLLBACK
INDEX27-16-R18	27	16	zh/16/release-16.sgml	11727	B-tree	B-树	RB27-ASSOC-RELEASE-SQL-FUNCTION-SUPPORT	CORRESPONDENCE_SYNC
RB27-LOWER-P0094	27	16	zh/16/release-16.sgml	16749	btree	B-树	RB27-LOWER-021	CORRESPONDENCE_SYNC
RB27-LOWER-P0095	27	16	zh/16/release-16.sgml	16756	btree	B-树	RB27-LOWER-022	CORRESPONDENCE_SYNC
RB27-LOWER-P0096	27	16	zh/16/release-16.sgml	16759	btree	B-树	RB27-LOWER-022	CORRESPONDENCE_SYNC
RB27-LOWER-P0097	27	16	zh/16/release-16.sgml	16930	btree	B-树	RB27-LOWER-032	CORRESPONDENCE_SYNC
RB27-LOWER-P0098	27	16	zh/16/release-16.sgml	17773	btree	B-树	RB27-LOWER-008	CORRESPONDENCE_SYNC
RB27-H05527	27	16	zh/16/release-16.sgml	19512	B-tree	B-树	F03-U0182	HISTORICAL_ROLLBACK
IH0026	199	16	zh/16/release-16.sgml	20627	整页映像	整页镜像	RB199-release-save	HISTORICAL_ROLLBACK
RB27-H05528	27	16	zh/16/storage.sgml	791	B-tree	B-树	F03-U0149	HISTORICAL_ROLLBACK
OT-P0017	385	16	zh/16/syntax.sgml	1270	数	点	OT-385-10-percentile-calculations	HISTORICAL_ROLLBACK
OT-P0018	385	16	zh/16/syntax.sgml	1282	百分位数	百分位点	OT-385-12-seealso-index	HISTORICAL_ROLLBACK
OT-P0045	385	16	zh/16/syntax.sgml	1293	百分位数	百分位点	OT-385-13-returned-50th-value	CORRESPONDENCE_SYNC
IH0088	199	16	zh/16/wal.sgml	141	整页映像	整页镜像	RB199-reliability-images-mention1	HISTORICAL_ROLLBACK
IH0089	199	16	zh/16/wal.sgml	144	页面映像	页面镜像	RB199-reliability-images-mention2	HISTORICAL_ROLLBACK
IH0090	199	16	zh/16/wal.sgml	161	整页映像	整页镜像	RB199-reliability-checksum	HISTORICAL_ROLLBACK
OT-P0033	385	16	zh/16/xaggr.sgml	265	数	点	OT-385-15-rank-or-percentile	HISTORICAL_ROLLBACK
RB27-H05529	27	16	zh/16/xindex.sgml	12	B-tree	B-树	F03-U0150	HISTORICAL_ROLLBACK
RB27-H06421	27	16	zh/16/xindex.sgml	24	B-tree	B-树	F03-U0183	HISTORICAL_ROLLBACK
RB27-H05530	27	16	zh/16/xindex.sgml	34	B-tree	B-树	F03-U0151	HISTORICAL_ROLLBACK
RB27-H05531	27	16	zh/16/xindex.sgml	34	B-tree	B-树	F03-U0151	HISTORICAL_ROLLBACK
RB27-H05532	27	16	zh/16/xindex.sgml	38	B-tree	B-树	F03-U0152	HISTORICAL_ROLLBACK
RB27-H05533	27	16	zh/16/xindex.sgml	46	B-tree	B-树	F03-U0153	HISTORICAL_ROLLBACK
RB27-H05534	27	16	zh/16/xindex.sgml	46	B-tree	B-树	F03-U0153	HISTORICAL_ROLLBACK
RB27-H05535	27	16	zh/16/xindex.sgml	50	B-tree	B-树	F03-U0154	HISTORICAL_ROLLBACK
RB27-H05536	27	16	zh/16/xindex.sgml	54	B-tree	B-树	F03-U0155	HISTORICAL_ROLLBACK
RB27-H05537	27	16	zh/16/xindex.sgml	298	B-tree	B-树	F03-U0156	HISTORICAL_ROLLBACK
RB27-H05538	27	16	zh/16/xindex.sgml	311	B-tree	B-树	F03-U0157	HISTORICAL_ROLLBACK
RB27-H05539	27	16	zh/16/xindex.sgml	315	B-tree	B-树	F03-U0158	HISTORICAL_ROLLBACK
RB27-H05540	27	16	zh/16/xindex.sgml	346	B-tree	B-树	F03-U0159	HISTORICAL_ROLLBACK
RB27-H05541	27	16	zh/16/xindex.sgml	662	B-tree	B-树	F03-U0160	HISTORICAL_ROLLBACK
RB27-H05542	27	16	zh/16/xindex.sgml	662	B-tree	B-树	F03-U0160	HISTORICAL_ROLLBACK
RB27-H05543	27	16	zh/16/xindex.sgml	670	B-tree	B-树	F03-U0161	HISTORICAL_ROLLBACK
RB27-H05544	27	16	zh/16/xindex.sgml	682	B-tree	B-树	F03-U0162	HISTORICAL_ROLLBACK
RB27-H05545	27	16	zh/16/xindex.sgml	763	B-tree	B-树	F03-U0163	HISTORICAL_ROLLBACK
RB27-H05546	27	16	zh/16/xindex.sgml	790	B-tree	B-树	F03-U0164	HISTORICAL_ROLLBACK
RB27-H05547	27,127	16	zh/16/xindex.sgml	802	B-tree	B-树	F03-U0165	HISTORICAL_ROLLBACK
RB27-H05548	27	16	zh/16/xindex.sgml	810	B-tree	B-树	F03-U0166	HISTORICAL_ROLLBACK
RB27-H05549	27	16	zh/16/xindex.sgml	822	B-tree	B-树	F03-U0167	HISTORICAL_ROLLBACK
RB27-H05550	27	16	zh/16/xindex.sgml	930	B-tree	B-树	F03-U0168	HISTORICAL_ROLLBACK
RB27-H05551	27	16	zh/16/xindex.sgml	942	B-tree	B-树	F03-U0169	HISTORICAL_ROLLBACK
RB27-H05552	27,127	16	zh/16/xindex.sgml	964	B-tree	B-树	F03-U0170	HISTORICAL_ROLLBACK
RB27-H05553	27,127	16	zh/16/xindex.sgml	968	B-tree	B-树	F03-U0171	HISTORICAL_ROLLBACK
RB27-H05554	27,127	16	zh/16/xindex.sgml	982	B-tree	B-树	F03-U0172	HISTORICAL_ROLLBACK
RB27-H05555	27,127	16	zh/16/xindex.sgml	990	B-tree	B-树	F03-U0173	HISTORICAL_ROLLBACK
RB27-H05556	27,127	16	zh/16/xindex.sgml	990	B-tree	B-树	F03-U0173	HISTORICAL_ROLLBACK
RB27-H05557	27	16	zh/16/xindex.sgml	999	B-tree	B-树	F03-U0174	HISTORICAL_ROLLBACK
RB27-H05558	27	16	zh/16/xindex.sgml	999	B-tree	B-树	F03-U0174	HISTORICAL_ROLLBACK
RB27-H05559	27	16	zh/16/xindex.sgml	999	B-tree	B-树	F03-U0174	HISTORICAL_ROLLBACK
RB27-H05560	27	16	zh/16/xindex.sgml	999	B-tree	B-树	F03-U0174	HISTORICAL_ROLLBACK
RB27-H05561	27	16	zh/16/xindex.sgml	1029	B-tree	B-树	F03-U0175	HISTORICAL_ROLLBACK
RB27-H05562	27	16	zh/16/xindex.sgml	1029	B-tree	B-树	F03-U0175	HISTORICAL_ROLLBACK
RB27-H05563	27	16	zh/16/xindex.sgml	1050	B-tree	B-树	F03-U0176	HISTORICAL_ROLLBACK
RB27-H05564	27	17	zh/17/amcheck.sgml	15	B-tree	B-树	F03-U0001	HISTORICAL_ROLLBACK
RB27-H05565	27	17	zh/17/amcheck.sgml	17	B-tree	B-树	F03-U0001	HISTORICAL_ROLLBACK
RB27-H05566	27	17	zh/17/amcheck.sgml	18	B-tree	B-树	F03-U0001	HISTORICAL_ROLLBACK
RB27-H05567	27	17	zh/17/amcheck.sgml	26	B-tree	B-树	F03-U0002	HISTORICAL_ROLLBACK
RB27-H05568	27	17	zh/17/amcheck.sgml	26	B-tree	B-树	F03-U0002	HISTORICAL_ROLLBACK
RB27-H05569	27	17	zh/17/amcheck.sgml	30	B-tree	B-树	F03-U0003	HISTORICAL_ROLLBACK
RB27-H05570	27	17	zh/17/amcheck.sgml	57	B-tree	B-树	F03-U0004	HISTORICAL_ROLLBACK
RB27-H05571	27	17	zh/17/amcheck.sgml	118	B-tree	B-树	F03-U0005	HISTORICAL_ROLLBACK
RB27-H05572	27	17	zh/17/amcheck.sgml	145	B-tree	B-树	F03-U0006	HISTORICAL_ROLLBACK
RB27-H05573	27	17	zh/17/amcheck.sgml	146	B-tree	B-树	F03-U0006	HISTORICAL_ROLLBACK
RB27-H05574	27	17	zh/17/amcheck.sgml	307	B-tree	B-树	F03-U0007	HISTORICAL_ROLLBACK
RB27-H05575	27	17	zh/17/amcheck.sgml	347	B-tree	B-树	F03-U0008	HISTORICAL_ROLLBACK
RB27-H05576	27	17	zh/17/arch-dev.sgml	201	B-tree	B-树	F03-U0009	HISTORICAL_ROLLBACK
RB27-H05577	27	17	zh/17/arch-dev.sgml	201	B-tree	B-树	F03-U0009	HISTORICAL_ROLLBACK
RB27-H05578	27	17	zh/17/arch-dev.sgml	201	B-tree	B-树	F03-U0009	HISTORICAL_ROLLBACK
RB27-H05579	27	17	zh/17/bloom.sgml	23	B-tree	B-树	F03-U0010	HISTORICAL_ROLLBACK
RB27-H05580	27	17	zh/17/bloom.sgml	23	B-tree	B-树	F03-U0010	HISTORICAL_ROLLBACK
RB27-H05581	27	17	zh/17/bloom.sgml	23	B-tree	B-树	F03-U0010	HISTORICAL_ROLLBACK
RB27-H05582	27	17	zh/17/bloom.sgml	72	B-tree	B-树	F03-U0011	HISTORICAL_ROLLBACK
RB27-H05583	27	17	zh/17/bloom.sgml	72	B-tree	B-树	F03-U0011	HISTORICAL_ROLLBACK
RB27-H05584	27	17	zh/17/bloom.sgml	105	B-tree	B-树	F03-U0012	HISTORICAL_ROLLBACK
RB27-H05585	27	17	zh/17/bloom.sgml	127	B-tree	B-树	F03-U0013	HISTORICAL_ROLLBACK
RB27-H05586	27	17	zh/17/bloom.sgml	152	B-tree	B-树	F03-U0014	HISTORICAL_ROLLBACK
RB27-H05587	27	17	zh/17/bloom.sgml	152	B-tree	B-树	F03-U0014	HISTORICAL_ROLLBACK
RB27-H05588	27	17	zh/17/bloom.sgml	152	B-tree	B-树	F03-U0014	HISTORICAL_ROLLBACK
RB27-H05589	27	17	zh/17/bloom.sgml	180	B-tree	B-树	F03-U0014	HISTORICAL_ROLLBACK
RB27-H05590	27	17	zh/17/btree-gin.sgml	4	B-tree	B-树	F03-U0178	HISTORICAL_ROLLBACK
RB27-H05591	27	17	zh/17/btree-gin.sgml	11	B-tree	B-树	F03-U0015	HISTORICAL_ROLLBACK
RB27-H05592	27	17	zh/17/btree-gin.sgml	24	B-tree	B-树	F03-U0016	HISTORICAL_ROLLBACK
RB27-H05593	27	17	zh/17/btree-gin.sgml	24	B-tree	B-树	F03-U0016	HISTORICAL_ROLLBACK
RB27-H05594	27	17	zh/17/btree-gin.sgml	24	B-tree	B-树	F03-U0016	HISTORICAL_ROLLBACK
RB27-H05595	27	17	zh/17/btree-gist.sgml	4	B-tree	B-树	F03-U0179	HISTORICAL_ROLLBACK
RB27-H05596	27	17	zh/17/btree-gist.sgml	11	B-tree	B-树	F03-U0017	HISTORICAL_ROLLBACK
RB27-H05597	27	17	zh/17/btree-gist.sgml	23	B-tree	B-树	F03-U0018	HISTORICAL_ROLLBACK
RB27-H05598	27	17	zh/17/btree-gist.sgml	23	B-tree	B-树	F03-U0018	HISTORICAL_ROLLBACK
RB27-H05599	27	17	zh/17/btree-gist.sgml	23	B-tree	B-树	F03-U0018	HISTORICAL_ROLLBACK
RB27-H05600	27	17	zh/17/btree-gist.sgml	27	B-tree	B-树	F03-U0019	HISTORICAL_ROLLBACK
RB27-H05601	27	17	zh/17/btree.sgml	4	B-tree	B-树	F03-U0020	HISTORICAL_ROLLBACK
INDEX27-17	27	17	zh/17/btree.sgml	8	B-Tree	B-树	RB27-INDEX-SECONDARY	CORRESPONDENCE_SYNC
RB27-ACRONYM-P07	27	17	zh/17/btree.sgml	15		B-树（	RB27-ACRONYM-001	CORRESPONDENCE_SYNC
RB27-ACRONYM-P08	27	17	zh/17/btree.sgml	15	"
  （"	，即	RB27-ACRONYM-001	CORRESPONDENCE_SYNC
RB27-LOWER-P0099	27	17	zh/17/btree.sgml	16	btree	B-树	RB27-LOWER-018	CORRESPONDENCE_SYNC
RB27-LOWER-P0100	27	17	zh/17/btree.sgml	21	btree	B-树	RB27-LOWER-026	CORRESPONDENCE_SYNC
RB27-LOWER-P0101	27	17	zh/17/btree.sgml	21	btree	B-树	RB27-LOWER-026	CORRESPONDENCE_SYNC
RB27-LOWER-P0102	27	17	zh/17/btree.sgml	24	btree	B-树	RB27-LOWER-026	CORRESPONDENCE_SYNC
RB27-H05602	27	17	zh/17/btree.sgml	31	B-tree	B-树	F03-U0021	HISTORICAL_ROLLBACK
RB27-LOWER-P0103	27	17	zh/17/btree.sgml	34	btree	B-树	RB27-LOWER-010	CORRESPONDENCE_SYNC
RB27-LOWER-P0104	27	17	zh/17/btree.sgml	42	btree	B-树	RB27-LOWER-010	CORRESPONDENCE_SYNC
RB27-LOWER-P0105	27	17	zh/17/btree.sgml	52	btree	B-树	RB27-LOWER-027	CORRESPONDENCE_SYNC
RB27-LOWER-P0106	27	17	zh/17/btree.sgml	171	btree	B-树	RB27-LOWER-019	CORRESPONDENCE_SYNC
RB27-LOWER-P0107	27	17	zh/17/btree.sgml	171	btree	B-树	RB27-LOWER-019	CORRESPONDENCE_SYNC
RB27-H05603	27	17	zh/17/btree.sgml	177	B-tree	B-树	F03-U0022	HISTORICAL_ROLLBACK
RB27-LOWER-P0108	27	17	zh/17/btree.sgml	187	btree	B-树	RB27-LOWER-011	CORRESPONDENCE_SYNC
RB27-LOWER-P0109	27	17	zh/17/btree.sgml	215	btree	B-树	RB27-LOWER-036	CORRESPONDENCE_SYNC
RB27-LOWER-P0110	27	17	zh/17/btree.sgml	234	btree	B-树	RB27-LOWER-017	CORRESPONDENCE_SYNC
RB27-LOWER-P0111	27	17	zh/17/btree.sgml	235	btree	B-树	RB27-LOWER-017	CORRESPONDENCE_SYNC
RB27-LOWER-P0112	27	17	zh/17/btree.sgml	401	btree	B-树	RB27-LOWER-014	CORRESPONDENCE_SYNC
RB27-LOWER-P0113	27	17	zh/17/btree.sgml	403	btree	B-树	RB27-LOWER-014	CORRESPONDENCE_SYNC
RB27-H05604	27	17	zh/17/btree.sgml	465	B-tree	B-树	F03-U0023	HISTORICAL_ROLLBACK
RB27-H05605	27	17	zh/17/btree.sgml	481	B-tree	B-树	F03-U0024	HISTORICAL_ROLLBACK
RB27-H05606	27	17	zh/17/btree.sgml	482	B-tree	B-树	F03-U0024	HISTORICAL_ROLLBACK
RB27-H05607	27	17	zh/17/btree.sgml	484	B-tree	B-树	F03-U0024	HISTORICAL_ROLLBACK
RB27-H05608	27	17	zh/17/btree.sgml	486	B-tree	B-树	F03-U0024	HISTORICAL_ROLLBACK
RB27-H05609	27	17	zh/17/btree.sgml	487	B-tree	B-树	F03-U0024	HISTORICAL_ROLLBACK
RB27-H05610	27	17	zh/17/btree.sgml	500	B-tree	B-树	F03-U0025	HISTORICAL_ROLLBACK
RB27-H05611	27	17	zh/17/btree.sgml	500	B-tree	B-树	F03-U0025	HISTORICAL_ROLLBACK
RB27-H05612	27	17	zh/17/btree.sgml	504	B-tree	B-树	F03-U0026	HISTORICAL_ROLLBACK
RB27-H05613	27	17	zh/17/btree.sgml	506	B-tree	B-树	F03-U0027	HISTORICAL_ROLLBACK
RB27-H05614	27	17	zh/17/btree.sgml	512	B-tree	B-树	F03-U0028	HISTORICAL_ROLLBACK
RB27-H05615	27	17	zh/17/btree.sgml	519	B-tree	B-树	F03-U0029	HISTORICAL_ROLLBACK
RB27-H05616	27	17	zh/17/btree.sgml	529	B-tree	B-树	F03-U0030	HISTORICAL_ROLLBACK
RB27-H05617	27	17	zh/17/btree.sgml	534	B-tree	B-树	F03-U0031	HISTORICAL_ROLLBACK
RB27-H05618	27	17	zh/17/btree.sgml	541	B-tree	B-树	F03-U0032	HISTORICAL_ROLLBACK
RB27-H05619	27	17	zh/17/btree.sgml	548	B-tree	B-树	F03-U0033	HISTORICAL_ROLLBACK
RB27-H05620	27	17	zh/17/btree.sgml	566	B-tree	B-树	F03-U0034	HISTORICAL_ROLLBACK
RB27-H05621	27	17	zh/17/btree.sgml	575	B-tree	B-树	F03-U0035	HISTORICAL_ROLLBACK
RB27-H05622	27	17	zh/17/btree.sgml	576	B-tree	B-树	F03-U0035	HISTORICAL_ROLLBACK
RB27-H05623	27	17	zh/17/btree.sgml	578	B-tree	B-树	F03-U0035	HISTORICAL_ROLLBACK
RB27-H05624	27	17	zh/17/btree.sgml	584	B-tree	B-树	F03-U0036	HISTORICAL_ROLLBACK
RB27-H05625	27	17	zh/17/btree.sgml	638	B-tree	B-树	F03-U0037	HISTORICAL_ROLLBACK
RB27-H05626	27	17	zh/17/catalogs.sgml	806	B-tree	B-树	F03-U0038	HISTORICAL_ROLLBACK
RB27-H05627	27	17	zh/17/catalogs.sgml	829	B-tree	B-树	F03-U0039	HISTORICAL_ROLLBACK
RB27-H05628	27	17	zh/17/charset.sgml	1029	B-tree	B-树	F03-U0040	HISTORICAL_ROLLBACK
RB27-H05629	27	17	zh/17/citext.sgml	213	B-tree	B-树	F03-U0041	HISTORICAL_ROLLBACK
RB27-H05630	27	17	zh/17/citext.sgml	214	B-tree	B-树	F03-U0041	HISTORICAL_ROLLBACK
RB27-H05631	27	17	zh/17/config.sgml	2297	B-tree	B-树	F03-U0042	HISTORICAL_ROLLBACK
IH0010	199	17	zh/17/config.sgml	2620	整页映像	整页镜像	RB199-full-writes	HISTORICAL_ROLLBACK
IH0011	199	17	zh/17/config.sgml	2674	整页映像	整页镜像	RB199-compression-mention1	HISTORICAL_ROLLBACK
IH0012	199	17	zh/17/config.sgml	2675	页映像	页镜像	RB199-compression-mention2	HISTORICAL_ROLLBACK
RB27-H05632	27	17	zh/17/config.sgml	9641	B-tree	B-树	F03-U0043	HISTORICAL_ROLLBACK
IH0013	199	17	zh/17/config.sgml	9660	整页映像	整页镜像	RB199-consistency-mention1	HISTORICAL_ROLLBACK
IH0152	199	17	zh/17/config.sgml	9660	映像	镜像	RB199-consistency-mention2	CORRESPONDENCE_SYNC
RB27-H05633	27	17	zh/17/cube.sgml	217	B-tree	B-树	F03-U0044	HISTORICAL_ROLLBACK
RB27-H05634	27	17	zh/17/ddl.sgml	666	B-tree	B-树	F03-U0045	HISTORICAL_ROLLBACK
RB27-H05635	27	17	zh/17/ddl.sgml	743	B-tree	B-树	F03-U0046	HISTORICAL_ROLLBACK
RB27-H05636	27	17	zh/17/ddl.sgml	3843	B-tree	B-树	F03-U0047	HISTORICAL_ROLLBACK
RB27-H05637	27	17	zh/17/ddl.sgml	3843	B-tree	B-树	F03-U0047	HISTORICAL_ROLLBACK
RB27-H05638	27	17	zh/17/func.sgml	13668	B-tree	B-树	F03-U0048	HISTORICAL_ROLLBACK
RB27-H05639	27	17	zh/17/func.sgml	16957	B-tree	B-树	F03-U0049	HISTORICAL_ROLLBACK
OT-P0019	385	17	zh/17/func.sgml	19441	百分位数	百分位点	OT-385-01-continuous-index-primary	HISTORICAL_ROLLBACK
OT-P0020	385	17	zh/17/func.sgml	19452	连续百分位数	连续百分位点	OT-385-03-continuous-firstterm	HISTORICAL_ROLLBACK
OT-P0021	385	17	zh/17/func.sgml	19468	数	点	OT-385-04-multiple-continuous-results	HISTORICAL_ROLLBACK
OT-P0022	385	17	zh/17/func.sgml	19468	数	点	OT-385-05-continuous-result-anaphor	HISTORICAL_ROLLBACK
RB27-H05640	27	17	zh/17/func.sgml	20358	B-tree	B-树	F03-U0050	HISTORICAL_ROLLBACK
RB27-H05641	27	17	zh/17/func.sgml	20358	B-tree	B-树	F03-U0050	HISTORICAL_ROLLBACK
RB27-H05642	27	17	zh/17/func.sgml	20424	B-tree	B-树	F03-U0051	HISTORICAL_ROLLBACK
RB27-H05643	27	17	zh/17/func.sgml	20424	B-tree	B-树	F03-U0051	HISTORICAL_ROLLBACK
RB27-H05644	27,127	17	zh/17/func.sgml	20429	B-tree	B-树	F03-U0052	HISTORICAL_ROLLBACK
RB27-H05645	27	17	zh/17/func.sgml	20438	B-tree	B-树	F03-U0052	HISTORICAL_ROLLBACK
IH0091	199	17	zh/17/generic-wal.sgml	34	整页映像	整页镜像	RB199-generic-register	HISTORICAL_ROLLBACK
IH0092	199	17	zh/17/generic-wal.sgml	40	页面映像	页面镜像	RB199-generic-modify	HISTORICAL_ROLLBACK
IH0093	199	17	zh/17/generic-wal.sgml	53	页面映像	页面镜像	RB199-generic-abort	HISTORICAL_ROLLBACK
IH0094	199	17	zh/17/generic-wal.sgml	68	页面映像	页面镜像	RB199-generic-interleave	HISTORICAL_ROLLBACK
IH0095	199	17	zh/17/generic-wal.sgml	110	页面映像	页面镜像	RB199-generic-delta-mention1	HISTORICAL_ROLLBACK
IH0096	199	17	zh/17/generic-wal.sgml	110	页面映像	页面镜像	RB199-generic-delta-mention2	HISTORICAL_ROLLBACK
RB27-H05646	27	17	zh/17/geqo.sgml	19	B-tree	B-树	F03-U0055	HISTORICAL_ROLLBACK
RB27-H05647	27,127	17	zh/17/gin.sgml	308	B-tree	B-树	F03-U0056	HISTORICAL_ROLLBACK
RB27-H05648	27	17	zh/17/gin.sgml	309	B-tree	B-树	F03-U0056	HISTORICAL_ROLLBACK
RB27-H05649	27	17	zh/17/gin.sgml	376	B-tree	B-树	F03-U0057	HISTORICAL_ROLLBACK
RB27-H05650	27	17	zh/17/gin.sgml	377	B-tree	B-树	F03-U0057	HISTORICAL_ROLLBACK
RB27-H05651	27	17	zh/17/gin.sgml	389	B-tree	B-树	F03-U0058	HISTORICAL_ROLLBACK
RB27-H05652	27	17	zh/17/gin.sgml	548	B-tree	B-树	F03-U0059	HISTORICAL_ROLLBACK
RB27-H05653	27	17	zh/17/gist.sgml	15	B-tree	B-树	F03-U0060	HISTORICAL_ROLLBACK
RB27-H05654	27	17	zh/17/gist.sgml	214	B-tree	B-树	F03-U0061	HISTORICAL_ROLLBACK
RB27-H05655	27	17	zh/17/gist.sgml	214	B-tree	B-树	F03-U0061	HISTORICAL_ROLLBACK
RB27-H05656	27	17	zh/17/gist.sgml	214	B-tree	B-树	F03-U0061	HISTORICAL_ROLLBACK
RB27-H05657	27	17	zh/17/gist.sgml	218	B-tree	B-树	F03-U0062	HISTORICAL_ROLLBACK
RB27-H05658	27	17	zh/17/gist.sgml	222	B-tree	B-树	F03-U0063	HISTORICAL_ROLLBACK
RB27-H05659	27	17	zh/17/gist.sgml	993	B-tree	B-树	F03-U0064	HISTORICAL_ROLLBACK
RB27-H05660	27	17	zh/17/hash.sgml	28	B-tree	B-树	F03-U0065	HISTORICAL_ROLLBACK
RB27-H05661	27	17	zh/17/hash.sgml	32	B-tree	B-树	F03-U0066	HISTORICAL_ROLLBACK
RB27-H05662	27	17	zh/17/hash.sgml	36	B-tree	B-树	F03-U0067	HISTORICAL_ROLLBACK
RB27-H05663	27	17	zh/17/hash.sgml	45	B-tree	B-树	F03-U0068	HISTORICAL_ROLLBACK
RB27-H05667	27	17	zh/17/indexam.sgml	459	B-tree	B-树	F03-U0069	HISTORICAL_ROLLBACK
RB27-H05668	27	17	zh/17/indexam.sgml	459	B-tree	B-树	F03-U0069	HISTORICAL_ROLLBACK
RB27-H05669	27	17	zh/17/indexam.sgml	513	B-tree	B-树	F03-U0070	HISTORICAL_ROLLBACK
RB27-H05670	27	17	zh/17/indexam.sgml	558	B-tree	B-树	F03-U0071	HISTORICAL_ROLLBACK
RB27-S011	27	17	zh/17/indices.sgml	91	B-tree	B-树	F03-U0072	CROSS_VERSION_ALIGNMENT
RB27-S012	27	17	zh/17/indices.sgml	93	B-tree	B-树	F03-U0072	CROSS_VERSION_ALIGNMENT
RB27-S013	27	17	zh/17/indices.sgml	100	B-Tree	B-树	F03-U0073	CROSS_VERSION_ALIGNMENT
RB27-S014	27	17	zh/17/indices.sgml	104	B-Tree	B-树	F03-U0073	CROSS_VERSION_ALIGNMENT
RB27-S015	27	17	zh/17/indices.sgml	107	B-Tree	B-树	F03-U0073	CROSS_VERSION_ALIGNMENT
RB27-H05671	27	17	zh/17/indices.sgml	112	B-tree	B-树	F03-U0074	HISTORICAL_ROLLBACK
RB27-H05672	27	17	zh/17/indices.sgml	112	B-tree	B-树	F03-U0074	HISTORICAL_ROLLBACK
RB27-H05673	27	17	zh/17/indices.sgml	118	B-tree	B-树	F03-U0074	HISTORICAL_ROLLBACK
RB27-H05674	27	17	zh/17/indices.sgml	119	B-tree	B-树	F03-U0074	HISTORICAL_ROLLBACK
RB27-H05675	27	17	zh/17/indices.sgml	123	B-tree	B-树	F03-U0075	HISTORICAL_ROLLBACK
RB27-H05676	27	17	zh/17/indices.sgml	124	B-tree	B-树	F03-U0075	HISTORICAL_ROLLBACK
RB27-H05677	27	17	zh/17/indices.sgml	128	B-tree	B-树	F03-U0076	HISTORICAL_ROLLBACK
INDEX27-17-R19	27	17	zh/17/indices.sgml	292	B-tree	B-树	RB27-ASSOC-INDICES-MULTICOLUMN	CORRESPONDENCE_SYNC
RB27-H05678	27	17	zh/17/indices.sgml	296	B-tree	B-树	F03-U0077	HISTORICAL_ROLLBACK
RB27-H05679	27	17	zh/17/indices.sgml	308	B-tree	B-树	F03-U0078	HISTORICAL_ROLLBACK
RB27-H05680	27	17	zh/17/indices.sgml	312	B-tree	B-树	F03-U0079	HISTORICAL_ROLLBACK
INDEX27-17-R20	27	17	zh/17/indices.sgml	334	B-tree	B-树	RB27-ASSOC-INDICES-ORDERING	CORRESPONDENCE_SYNC
RB27-H05681	27	17	zh/17/indices.sgml	342	B-tree	B-树	F03-U0080	HISTORICAL_ROLLBACK
RB27-H05682	27	17	zh/17/indices.sgml	346	B-tree	B-树	F03-U0081	HISTORICAL_ROLLBACK
RB27-H05683	27	17	zh/17/indices.sgml	409	B-tree	B-树	F03-U0082	HISTORICAL_ROLLBACK
RB27-H05684	27	17	zh/17/indices.sgml	679	B-tree	B-树	F03-U0083	HISTORICAL_ROLLBACK
RB27-H05685	27	17	zh/17/indices.sgml	734	B-tree	B-树	F03-U0084	HISTORICAL_ROLLBACK
INDEX27-17-R21	27	17	zh/17/indices.sgml	746	B-Tree	B-树	RB27-ASSOC-INDICES-UPPER-LEVEL	CORRESPONDENCE_SYNC
INDEX27-17-R22	27	17	zh/17/indices.sgml	746	B-Tree	B-树	RB27-ASSOC-INDICES-LOWEST-LEVEL	CORRESPONDENCE_SYNC
RB27-H05686	27	17	zh/17/indices.sgml	792	B-tree	B-树	F03-U0085	HISTORICAL_ROLLBACK
RB27-H05687	27	17	zh/17/indices.sgml	801	B-tree	B-树	F03-U0086	HISTORICAL_ROLLBACK
RB27-H05688	27	17	zh/17/isn.sgml	198	B-tree	B-树	F03-U0087	HISTORICAL_ROLLBACK
RB27-H05689	27	17	zh/17/lobj.sgml	42	B-tree	B-树	F03-U0088	HISTORICAL_ROLLBACK
RB27-H05690	27	17	zh/17/ltree.sgml	574	B-tree	B-树	F03-U0089	HISTORICAL_ROLLBACK
RB27-H05691	27	17	zh/17/maintenance.sgml	803	B-tree	B-树	F03-U0090	HISTORICAL_ROLLBACK
RB27-H05692	27	17	zh/17/maintenance.sgml	810	B-tree	B-树	F03-U0091	HISTORICAL_ROLLBACK
RB27-H05693	27	17	zh/17/maintenance.sgml	811	B-tree	B-树	F03-U0091	HISTORICAL_ROLLBACK
RB27-H05694	27	17	zh/17/maintenance.sgml	815	B-tree	B-树	F03-U0092	HISTORICAL_ROLLBACK
RB27-H05695	27	17	zh/17/maintenance.sgml	817	B-tree	B-树	F03-U0092	HISTORICAL_ROLLBACK
RB27-H05696	27	17	zh/17/monitoring.sgml	1461	B-tree	B-树	F03-U0093	HISTORICAL_ROLLBACK
RB27-H05697	27	17	zh/17/monitoring.sgml	1796	B-tree	B-树	F03-U0094	HISTORICAL_ROLLBACK
IH0027	199	17	zh/17/monitoring.sgml	2908	整页映像	整页镜像	RB199-prefetch-skip	HISTORICAL_ROLLBACK
IH0028	199	17	zh/17/monitoring.sgml	3997	整页映像	整页镜像	RB199-wal-count	HISTORICAL_ROLLBACK
RB27-H05698	27	17	zh/17/mvcc.sgml	1332	B-tree	B-树	F03-U0095	HISTORICAL_ROLLBACK
RB27-H05699	27	17	zh/17/mvcc.sgml	1366	B-tree	B-树	F03-U0096	HISTORICAL_ROLLBACK
RB27-H05700	27	17	zh/17/mvcc.sgml	1366	B-tree	B-树	F03-U0096	HISTORICAL_ROLLBACK
RB27-H05701	27	17	zh/17/mvcc.sgml	1366	B-tree	B-树	F03-U0096	HISTORICAL_ROLLBACK
RB27-H05702	27	17	zh/17/pageinspect.sgml	238	B-tree	B-树	F03-U0097	HISTORICAL_ROLLBACK
RB27-H05703	27	17	zh/17/pageinspect.sgml	251	B-tree	B-树	F03-U0098	HISTORICAL_ROLLBACK
RB27-H05704	27	17	zh/17/pageinspect.sgml	279	B-tree	B-树	F03-U0099	HISTORICAL_ROLLBACK
RB27-H05705	27	17	zh/17/pageinspect.sgml	352	B-tree	B-树	F03-U0100	HISTORICAL_ROLLBACK
RB27-H05706	27	17	zh/17/pageinspect.sgml	373	B-tree	B-树	F03-U0100	HISTORICAL_ROLLBACK
RB27-H05707	27	17	zh/17/pageinspect.sgml	386	B-tree	B-树	F03-U0101	HISTORICAL_ROLLBACK
RB27-H05708	27	17	zh/17/parallel.sgml	170	B-tree	B-树	F03-U0102	HISTORICAL_ROLLBACK
RB27-H05709	27	17	zh/17/parallel.sgml	173	B-tree	B-树	F03-U0102	HISTORICAL_ROLLBACK
RB27-H05710	27	17	zh/17/parallel.sgml	178	B-tree	B-树	F03-U0103	HISTORICAL_ROLLBACK
IH0097	199	17	zh/17/pgstatstatements.sgml	411	整页映像	整页镜像	RB199-statement-wal-count	HISTORICAL_ROLLBACK
RB27-H05711	27	17	zh/17/pgstattuple.sgml	163	B-tree	B-树	F03-U0104	HISTORICAL_ROLLBACK
RB27-H05712	27	17	zh/17/pgstattuple.sgml	198	B-tree	B-树	F03-U0105	HISTORICAL_ROLLBACK
RB27-H05713	27	17	zh/17/pgtrgm.sgml	391	B-tree	B-树	F03-U0106	HISTORICAL_ROLLBACK
RB27-H05714	27	17	zh/17/pgtrgm.sgml	491	B-tree	B-树	F03-U0107	HISTORICAL_ROLLBACK
RB27-H05715	27	17	zh/17/pgtrgm.sgml	502	B-tree	B-树	F03-U0108	HISTORICAL_ROLLBACK
RB27-H05716	27,127	17	zh/17/queries.sgml	1383	B-tree	B-树	F03-U0109	HISTORICAL_ROLLBACK
RB27-H05717	27	17	zh/17/rangetypes.sgml	290	B-tree	B-树	F03-U0110	HISTORICAL_ROLLBACK
RB27-H05718	27	17	zh/17/rangetypes.sgml	360	B-tree	B-树	F03-U0111	HISTORICAL_ROLLBACK
RB27-H05719	27	17	zh/17/rangetypes.sgml	360	B-tree	B-树	F03-U0111	HISTORICAL_ROLLBACK
RB27-H05720	27	17	zh/17/rangetypes.sgml	360	B-tree	B-树	F03-U0111	HISTORICAL_ROLLBACK
RB27-H05721	27	17	zh/17/ref/alter_opfamily.sgml	137	B-tree	B-树	F03-U0112	HISTORICAL_ROLLBACK
RB27-H05722	27	17	zh/17/ref/alter_opfamily.sgml	139	B-tree	B-树	F03-U0112	HISTORICAL_ROLLBACK
RB27-H05723	27	17	zh/17/ref/alter_opfamily.sgml	140	B-tree	B-树	F03-U0112	HISTORICAL_ROLLBACK
RB27-H05724	27	17	zh/17/ref/alter_opfamily.sgml	257	B-tree	B-树	F03-U0113	HISTORICAL_ROLLBACK
RB27-H05725	27	17	zh/17/ref/alter_table.sgml	354	B-tree	B-树	F03-U0114	HISTORICAL_ROLLBACK
RB27-H05726	27	17	zh/17/ref/cluster.sgml	143	B-tree	B-树	F03-U0115	HISTORICAL_ROLLBACK
RB27-H05727	27	17	zh/17/ref/create_aggregate.sgml	231	B-tree	B-树	F03-U0116	HISTORICAL_ROLLBACK
RB27-H05728	27	17	zh/17/ref/create_index.sgml	60	B-tree	B-树	F03-U0117	HISTORICAL_ROLLBACK
RB27-H05729	27	17	zh/17/ref/create_index.sgml	160	B-tree	B-树	F03-U0118	HISTORICAL_ROLLBACK
RB27-H05730	27	17	zh/17/ref/create_index.sgml	173	B-tree	B-树	F03-U0119	HISTORICAL_ROLLBACK
RB27-H05731	27	17	zh/17/ref/create_index.sgml	379	B-tree	B-树	F03-U0120	HISTORICAL_ROLLBACK
RB27-H05732	27	17	zh/17/ref/create_index.sgml	393	B-tree	B-树	F03-U0121	HISTORICAL_ROLLBACK
RB27-H05733	27	17	zh/17/ref/create_index.sgml	396	B-tree	B-树	F03-U0121	HISTORICAL_ROLLBACK
RB27-H05734	27	17	zh/17/ref/create_index.sgml	402	B-tree	B-树	F03-U0122	HISTORICAL_ROLLBACK
RB27-H05735	27	17	zh/17/ref/create_index.sgml	403	B-tree	B-树	F03-U0122	HISTORICAL_ROLLBACK
RB27-H05736	27	17	zh/17/ref/create_index.sgml	406	B-tree	B-树	F03-U0122	HISTORICAL_ROLLBACK
RB27-H05737	27	17	zh/17/ref/create_index.sgml	427	B-tree	B-树	F03-U0123	HISTORICAL_ROLLBACK
RB27-H05738	27	17	zh/17/ref/create_index.sgml	441	B-tree	B-树	F03-U0124	HISTORICAL_ROLLBACK
RB27-H05739	27	17	zh/17/ref/create_index.sgml	684	B-tree	B-树	F03-U0125	HISTORICAL_ROLLBACK
RB27-H05740	27	17	zh/17/ref/create_index.sgml	688	B-tree	B-树	F03-U0125	HISTORICAL_ROLLBACK
RB27-H05741	27	17	zh/17/ref/create_index.sgml	694	B-tree	B-树	F03-U0126	HISTORICAL_ROLLBACK
RB27-H05742	27	17	zh/17/ref/create_index.sgml	717	B-tree	B-树	F03-U0127	HISTORICAL_ROLLBACK
RB27-H05743	27	17	zh/17/ref/create_index.sgml	751	B-tree	B-树	F03-U0128	HISTORICAL_ROLLBACK
RB27-H05744	27	17	zh/17/ref/create_index.sgml	826	B-tree	B-树	F03-U0129	HISTORICAL_ROLLBACK
RB27-H05745	27	17	zh/17/ref/create_index.sgml	834	B-tree	B-树	F03-U0130	HISTORICAL_ROLLBACK
RB27-H05746	27	17	zh/17/ref/create_index.sgml	842	B-tree	B-树	F03-U0131	HISTORICAL_ROLLBACK
RB27-H05747	27	17	zh/17/ref/create_opclass.sgml	156	B-tree	B-树	F03-U0132	HISTORICAL_ROLLBACK
RB27-H05748	27	17	zh/17/ref/create_opclass.sgml	157	B-tree	B-树	F03-U0132	HISTORICAL_ROLLBACK
RB27-H05749	27	17	zh/17/ref/create_opclass.sgml	157	B-tree	B-树	F03-U0132	HISTORICAL_ROLLBACK
RB27-H05750	27	17	zh/17/ref/create_opclass.sgml	161	B-tree	B-树	F03-U0132	HISTORICAL_ROLLBACK
RB27-H05751	27	17	zh/17/ref/create_operator.sgml	287	B-tree	B-树	F03-U0133	HISTORICAL_ROLLBACK
RB27-LOWER-P0114	27	17	zh/17/ref/create_table.sgml	348	btree	B-树	RB27-LOWER-029	CORRESPONDENCE_SYNC
RB27-H05752	27	17	zh/17/ref/create_table.sgml	796	B-tree	B-树	F03-U0134	HISTORICAL_ROLLBACK
RB27-H05753	27	17	zh/17/ref/create_table.sgml	844	B-tree	B-树	F03-U0135	HISTORICAL_ROLLBACK
RB27-H05754	27	17	zh/17/ref/create_table.sgml	885	B-tree	B-树	F03-U0136	HISTORICAL_ROLLBACK
RB27-H05755	27	17	zh/17/ref/create_type.sgml	141	B-tree	B-树	F03-U0137	HISTORICAL_ROLLBACK
RB27-H05756	27,127	17	zh/17/ref/create_type.sgml	142	B-tree	B-树	F03-U0137	HISTORICAL_ROLLBACK
RB27-H05757	27,127	17	zh/17/ref/create_type.sgml	294	B-tree	B-树	F03-U0138	HISTORICAL_ROLLBACK
RB27-H05758	27	17	zh/17/ref/create_type.sgml	554	B-tree	B-树	F03-U0139	HISTORICAL_ROLLBACK
IH0145	199	17	zh/17/ref/explain.sgml	151	整页映像	整页镜像	RB199-explain-wal-mention1	HISTORICAL_ROLLBACK
RB27-H05759	27	17	zh/17/ref/pg_amcheck.sgml	38	B-tree	B-树	F03-U0140	HISTORICAL_ROLLBACK
RB27-H05760	27	17	zh/17/ref/pg_amcheck.sgml	198	B-tree	B-树	F03-U0141	HISTORICAL_ROLLBACK
RB27-H05761	27	17	zh/17/ref/pg_amcheck.sgml	284	B-tree	B-树	F03-U0142	HISTORICAL_ROLLBACK
RB27-H05762	27	17	zh/17/ref/pg_amcheck.sgml	309	B-tree	B-树	F03-U0143	HISTORICAL_ROLLBACK
RB27-H05763	27	17	zh/17/ref/pg_amcheck.sgml	327	B-tree	B-树	F03-U0144	HISTORICAL_ROLLBACK
RB27-H05764	27	17	zh/17/ref/pg_amcheck.sgml	336	B-tree	B-树	F03-U0145	HISTORICAL_ROLLBACK
IH0098	199	17	zh/17/ref/pg_waldump.sgml	220	整页映像	整页镜像	RB199-waldump-fullpage	HISTORICAL_ROLLBACK
IH0099	199	17	zh/17/ref/pg_waldump.sgml	240	整页映像	整页镜像	RB199-waldump-stats	HISTORICAL_ROLLBACK
IH0100	199	17	zh/17/ref/pg_waldump.sgml	257	整页映像	整页镜像	RB199-waldump-save-mention1	HISTORICAL_ROLLBACK
IH0101	199	17	zh/17/ref/pg_waldump.sgml	258	映像	镜像	RB199-waldump-save-mention2	HISTORICAL_ROLLBACK
IH0102	199	17	zh/17/ref/pg_waldump.sgml	261	整页映像	整页镜像	RB199-waldump-format	HISTORICAL_ROLLBACK
IH0103	199	17	zh/17/ref/pg_waldump.sgml	283	映像	镜像	RB199-waldump-lsn	HISTORICAL_ROLLBACK
IH0104	199	17	zh/17/ref/pg_waldump.sgml	310	整页映像	整页镜像	RB199-waldump-fork	HISTORICAL_ROLLBACK
RB27-H05765	27	17	zh/17/ref/reindex.sgml	57	B-tree	B-树	F03-U0146	HISTORICAL_ROLLBACK
RB27-H05766	27	17	zh/17/ref/select.sgml	1251	B-tree	B-树	F03-U0147	HISTORICAL_ROLLBACK
RB27-LOWER-P0115	27	17	zh/17/release-17.sgml	1958	btree	B-树	RB27-LOWER-012	CORRESPONDENCE_SYNC
IH0029	199	17	zh/17/release-17.sgml	2051	整页映像	整页镜像	RB199-release-vm-fix	HISTORICAL_ROLLBACK
RB27-LOWER-P0116	27	17	zh/17/release-17.sgml	2774	btree	B-树	RB27-LOWER-004	CORRESPONDENCE_SYNC
RB27-LOWER-P0117	27	17	zh/17/release-17.sgml	2915	btree	B-树	RB27-LOWER-024	CORRESPONDENCE_SYNC
RB27-LOWER-P0118	27	17	zh/17/release-17.sgml	5950	btree	B-树	RB27-LOWER-006	CORRESPONDENCE_SYNC
RB27-LOWER-P0119	27	17	zh/17/release-17.sgml	5974	btree	B-树	RB27-LOWER-005	CORRESPONDENCE_SYNC
RB27-LOWER-P0120	27	17	zh/17/release-17.sgml	5996	btree	B-树	RB27-LOWER-007	CORRESPONDENCE_SYNC
RB27-LOWER-P0121	27	17	zh/17/release-17.sgml	6303	btree	B-树	RB27-LOWER-009	CORRESPONDENCE_SYNC
RB27-LOWER-P0122	27	17	zh/17/release-17.sgml	7504	btree	B-树	RB27-LOWER-041	CORRESPONDENCE_SYNC
RB27-S029	27	17	zh/17/release-17.sgml	8196	btree	B-树	F03-U0181	CROSS_VERSION_ALIGNMENT
RB27-LOWER-P0123	27	17	zh/17/release-17.sgml	10670	btree	B-树	RB27-LOWER-033	CORRESPONDENCE_SYNC
INDEX27-17-R23	27	17	zh/17/release-17.sgml	12549	B-tree	B-树	RB27-ASSOC-RELEASE17-SCALAR-ARRAY-SCAN	CORRESPONDENCE_SYNC
INDEX27-17-R24	27	17	zh/17/release-17.sgml	12902	B-tree	B-树	RB27-ASSOC-RELEASE-SQL-FUNCTION-SUPPORT	CORRESPONDENCE_SYNC
RB27-LOWER-P0124	27	17	zh/17/release-17.sgml	13295	btree	B-树	RB27-LOWER-031	CORRESPONDENCE_SYNC
RB27-LOWER-P0125	27	17	zh/17/release-17.sgml	13845	btree	B-树	RB27-LOWER-016	CORRESPONDENCE_SYNC
RB27-LOWER-P0126	27	17	zh/17/release-17.sgml	14577	btree	B-树	RB27-LOWER-023	CORRESPONDENCE_SYNC
RB27-H05768	27	17	zh/17/storage.sgml	791	B-tree	B-树	F03-U0149	HISTORICAL_ROLLBACK
OT-P0037	385	17	zh/17/syntax.sgml	1270	数	点	OT-385-10-percentile-calculations	HISTORICAL_ROLLBACK
OT-P0038	385	17	zh/17/syntax.sgml	1282	百分位数	百分位点	OT-385-12-seealso-index	HISTORICAL_ROLLBACK
OT-P0046	385	17	zh/17/syntax.sgml	1293	百分位数	百分位点	OT-385-13-returned-50th-value	CORRESPONDENCE_SYNC
IH0105	199	17	zh/17/wal.sgml	141	整页映像	整页镜像	RB199-reliability-images-mention1	HISTORICAL_ROLLBACK
IH0106	199	17	zh/17/wal.sgml	144	页面映像	页面镜像	RB199-reliability-images-mention2	HISTORICAL_ROLLBACK
IH0107	199	17	zh/17/wal.sgml	161	整页映像	整页镜像	RB199-reliability-checksum	HISTORICAL_ROLLBACK
OT-P0034	385	17	zh/17/xaggr.sgml	265	数	点	OT-385-15-rank-or-percentile	HISTORICAL_ROLLBACK
RB27-H05769	27	17	zh/17/xindex.sgml	12	B-tree	B-树	F03-U0150	HISTORICAL_ROLLBACK
RB27-H05770	27	17	zh/17/xindex.sgml	24	B-tree	B-树	F03-U0183	HISTORICAL_ROLLBACK
RB27-H05771	27	17	zh/17/xindex.sgml	34	B-tree	B-树	F03-U0151	HISTORICAL_ROLLBACK
RB27-H05772	27	17	zh/17/xindex.sgml	34	B-tree	B-树	F03-U0151	HISTORICAL_ROLLBACK
RB27-H05773	27	17	zh/17/xindex.sgml	38	B-tree	B-树	F03-U0152	HISTORICAL_ROLLBACK
RB27-H05774	27	17	zh/17/xindex.sgml	46	B-tree	B-树	F03-U0153	HISTORICAL_ROLLBACK
RB27-H05775	27	17	zh/17/xindex.sgml	46	B-tree	B-树	F03-U0153	HISTORICAL_ROLLBACK
RB27-H05776	27	17	zh/17/xindex.sgml	50	B-tree	B-树	F03-U0154	HISTORICAL_ROLLBACK
RB27-H05777	27	17	zh/17/xindex.sgml	54	B-tree	B-树	F03-U0155	HISTORICAL_ROLLBACK
RB27-H05778	27	17	zh/17/xindex.sgml	298	B-tree	B-树	F03-U0156	HISTORICAL_ROLLBACK
RB27-H05779	27	17	zh/17/xindex.sgml	311	B-tree	B-树	F03-U0157	HISTORICAL_ROLLBACK
RB27-H05780	27	17	zh/17/xindex.sgml	315	B-tree	B-树	F03-U0158	HISTORICAL_ROLLBACK
RB27-H05781	27	17	zh/17/xindex.sgml	346	B-tree	B-树	F03-U0159	HISTORICAL_ROLLBACK
RB27-H05782	27	17	zh/17/xindex.sgml	651	B-tree	B-树	F03-U0160	HISTORICAL_ROLLBACK
RB27-H05783	27	17	zh/17/xindex.sgml	651	B-tree	B-树	F03-U0160	HISTORICAL_ROLLBACK
RB27-H05784	27	17	zh/17/xindex.sgml	659	B-tree	B-树	F03-U0161	HISTORICAL_ROLLBACK
RB27-H05785	27	17	zh/17/xindex.sgml	671	B-tree	B-树	F03-U0162	HISTORICAL_ROLLBACK
RB27-H05786	27	17	zh/17/xindex.sgml	752	B-tree	B-树	F03-U0163	HISTORICAL_ROLLBACK
RB27-H05787	27	17	zh/17/xindex.sgml	779	B-tree	B-树	F03-U0164	HISTORICAL_ROLLBACK
RB27-H05788	27,127	17	zh/17/xindex.sgml	791	B-tree	B-树	F03-U0165	HISTORICAL_ROLLBACK
RB27-H05789	27	17	zh/17/xindex.sgml	799	B-tree	B-树	F03-U0166	HISTORICAL_ROLLBACK
RB27-H05790	27	17	zh/17/xindex.sgml	811	B-tree	B-树	F03-U0167	HISTORICAL_ROLLBACK
RB27-H05791	27	17	zh/17/xindex.sgml	916	B-tree	B-树	F03-U0168	HISTORICAL_ROLLBACK
RB27-H05792	27	17	zh/17/xindex.sgml	928	B-tree	B-树	F03-U0169	HISTORICAL_ROLLBACK
RB27-H05793	27,127	17	zh/17/xindex.sgml	950	B-tree	B-树	F03-U0170	HISTORICAL_ROLLBACK
RB27-H05794	27,127	17	zh/17/xindex.sgml	954	B-tree	B-树	F03-U0171	HISTORICAL_ROLLBACK
RB27-H05795	27,127	17	zh/17/xindex.sgml	968	B-tree	B-树	F03-U0172	HISTORICAL_ROLLBACK
RB27-H05796	27,127	17	zh/17/xindex.sgml	976	B-tree	B-树	F03-U0173	HISTORICAL_ROLLBACK
RB27-H05797	27,127	17	zh/17/xindex.sgml	976	B-tree	B-树	F03-U0173	HISTORICAL_ROLLBACK
RB27-H05798	27	17	zh/17/xindex.sgml	985	B-tree	B-树	F03-U0174	HISTORICAL_ROLLBACK
RB27-H05799	27	17	zh/17/xindex.sgml	985	B-tree	B-树	F03-U0174	HISTORICAL_ROLLBACK
RB27-H05800	27	17	zh/17/xindex.sgml	985	B-tree	B-树	F03-U0174	HISTORICAL_ROLLBACK
RB27-H05801	27	17	zh/17/xindex.sgml	985	B-tree	B-树	F03-U0174	HISTORICAL_ROLLBACK
RB27-H05802	27	17	zh/17/xindex.sgml	1015	B-tree	B-树	F03-U0175	HISTORICAL_ROLLBACK
RB27-H05803	27	17	zh/17/xindex.sgml	1015	B-tree	B-树	F03-U0175	HISTORICAL_ROLLBACK
RB27-H05804	27	17	zh/17/xindex.sgml	1036	B-tree	B-树	F03-U0176	HISTORICAL_ROLLBACK
RB27-H05805	27	18	zh/18/amcheck.sgml	15	B-tree	B-树	F03-U0001	HISTORICAL_ROLLBACK
RB27-H05806	27	18	zh/18/amcheck.sgml	17	B-tree	B-树	F03-U0001	HISTORICAL_ROLLBACK
RB27-H05807	27	18	zh/18/amcheck.sgml	18	B-tree	B-树	F03-U0001	HISTORICAL_ROLLBACK
RB27-H05808	27	18	zh/18/amcheck.sgml	26	B-tree	B-树	F03-U0002	HISTORICAL_ROLLBACK
RB27-H05809	27	18	zh/18/amcheck.sgml	26	B-tree	B-树	F03-U0002	HISTORICAL_ROLLBACK
RB27-H05810	27	18	zh/18/amcheck.sgml	30	B-tree	B-树	F03-U0003	HISTORICAL_ROLLBACK
RB27-H05811	27	18	zh/18/amcheck.sgml	57	B-tree	B-树	F03-U0004	HISTORICAL_ROLLBACK
RB27-H05812	27	18	zh/18/amcheck.sgml	118	B-tree	B-树	F03-U0005	HISTORICAL_ROLLBACK
RB27-H05813	27	18	zh/18/amcheck.sgml	145	B-tree	B-树	F03-U0006	HISTORICAL_ROLLBACK
RB27-H05814	27	18	zh/18/amcheck.sgml	146	B-tree	B-树	F03-U0006	HISTORICAL_ROLLBACK
RB27-H05815	27	18	zh/18/amcheck.sgml	325	B-tree	B-树	F03-U0007	HISTORICAL_ROLLBACK
RB27-H05816	27	18	zh/18/amcheck.sgml	365	B-tree	B-树	F03-U0008	HISTORICAL_ROLLBACK
RB27-H05817	27	18	zh/18/arch-dev.sgml	201	B-tree	B-树	F03-U0009	HISTORICAL_ROLLBACK
RB27-H05818	27	18	zh/18/arch-dev.sgml	201	B-tree	B-树	F03-U0009	HISTORICAL_ROLLBACK
RB27-H05819	27	18	zh/18/arch-dev.sgml	201	B-tree	B-树	F03-U0009	HISTORICAL_ROLLBACK
RB27-H05820	27	18	zh/18/bloom.sgml	23	B-tree	B-树	F03-U0010	HISTORICAL_ROLLBACK
RB27-H05821	27	18	zh/18/bloom.sgml	23	B-tree	B-树	F03-U0010	HISTORICAL_ROLLBACK
RB27-H05822	27	18	zh/18/bloom.sgml	23	B-tree	B-树	F03-U0010	HISTORICAL_ROLLBACK
RB27-H05823	27	18	zh/18/bloom.sgml	72	B-tree	B-树	F03-U0011	HISTORICAL_ROLLBACK
RB27-H05824	27	18	zh/18/bloom.sgml	72	B-tree	B-树	F03-U0011	HISTORICAL_ROLLBACK
RB27-H05825	27	18	zh/18/bloom.sgml	106	B-tree	B-树	F03-U0012	HISTORICAL_ROLLBACK
RB27-H05826	27	18	zh/18/bloom.sgml	129	B-tree	B-树	F03-U0013	HISTORICAL_ROLLBACK
RB27-H05827	27	18	zh/18/bloom.sgml	157	B-tree	B-树	F03-U0014	HISTORICAL_ROLLBACK
RB27-H05828	27	18	zh/18/bloom.sgml	157	B-tree	B-树	F03-U0014	HISTORICAL_ROLLBACK
RB27-H05829	27	18	zh/18/bloom.sgml	157	B-tree	B-树	F03-U0014	HISTORICAL_ROLLBACK
RB27-H05830	27	18	zh/18/bloom.sgml	191	B-tree	B-树	F03-U0014	HISTORICAL_ROLLBACK
RB27-H05831	27	18	zh/18/btree-gin.sgml	4	B-tree	B-树	F03-U0178	HISTORICAL_ROLLBACK
RB27-H05832	27	18	zh/18/btree-gin.sgml	11	B-tree	B-树	F03-U0015	HISTORICAL_ROLLBACK
RB27-H05833	27	18	zh/18/btree-gin.sgml	24	B-tree	B-树	F03-U0016	HISTORICAL_ROLLBACK
RB27-H05834	27	18	zh/18/btree-gin.sgml	24	B-tree	B-树	F03-U0016	HISTORICAL_ROLLBACK
RB27-H05835	27	18	zh/18/btree-gin.sgml	24	B-tree	B-树	F03-U0016	HISTORICAL_ROLLBACK
RB27-H05836	27	18	zh/18/btree-gist.sgml	4	B-tree	B-树	F03-U0179	HISTORICAL_ROLLBACK
RB27-H05837	27	18	zh/18/btree-gist.sgml	11	B-tree	B-树	F03-U0017	HISTORICAL_ROLLBACK
RB27-H05838	27	18	zh/18/btree-gist.sgml	23	B-tree	B-树	F03-U0018	HISTORICAL_ROLLBACK
RB27-H05839	27	18	zh/18/btree-gist.sgml	23	B-tree	B-树	F03-U0018	HISTORICAL_ROLLBACK
RB27-H05840	27	18	zh/18/btree-gist.sgml	23	B-tree	B-树	F03-U0018	HISTORICAL_ROLLBACK
RB27-H05841	27	18	zh/18/btree-gist.sgml	27	B-tree	B-树	F03-U0019	HISTORICAL_ROLLBACK
RB27-H05842	27	18	zh/18/btree.sgml	4	B-tree	B-树	F03-U0020	HISTORICAL_ROLLBACK
INDEX27-18	27	18	zh/18/btree.sgml	8	B-Tree	B-树	RB27-INDEX-SECONDARY	CORRESPONDENCE_SYNC
RB27-ACRONYM-P09	27	18	zh/18/btree.sgml	15		B-树（	RB27-ACRONYM-001	CORRESPONDENCE_SYNC
RB27-ACRONYM-P10	27	18	zh/18/btree.sgml	15	"
  （"	，即	RB27-ACRONYM-001	CORRESPONDENCE_SYNC
RB27-LOWER-P0127	27	18	zh/18/btree.sgml	16	btree	B-树	RB27-LOWER-018	CORRESPONDENCE_SYNC
RB27-LOWER-P0128	27	18	zh/18/btree.sgml	21	btree	B-树	RB27-LOWER-026	CORRESPONDENCE_SYNC
RB27-LOWER-P0129	27	18	zh/18/btree.sgml	21	btree	B-树	RB27-LOWER-026	CORRESPONDENCE_SYNC
RB27-LOWER-P0130	27	18	zh/18/btree.sgml	24	btree	B-树	RB27-LOWER-026	CORRESPONDENCE_SYNC
RB27-H05843	27	18	zh/18/btree.sgml	31	B-tree	B-树	F03-U0021	HISTORICAL_ROLLBACK
RB27-LOWER-P0131	27	18	zh/18/btree.sgml	34	btree	B-树	RB27-LOWER-010	CORRESPONDENCE_SYNC
RB27-LOWER-P0132	27	18	zh/18/btree.sgml	42	btree	B-树	RB27-LOWER-010	CORRESPONDENCE_SYNC
RB27-LOWER-P0133	27	18	zh/18/btree.sgml	52	btree	B-树	RB27-LOWER-027	CORRESPONDENCE_SYNC
RB27-LOWER-P0134	27	18	zh/18/btree.sgml	171	btree	B-树	RB27-LOWER-019	CORRESPONDENCE_SYNC
RB27-LOWER-P0135	27	18	zh/18/btree.sgml	171	btree	B-树	RB27-LOWER-019	CORRESPONDENCE_SYNC
RB27-H05844	27	18	zh/18/btree.sgml	177	B-tree	B-树	F03-U0022	HISTORICAL_ROLLBACK
RB27-LOWER-P0136	27	18	zh/18/btree.sgml	187	btree	B-树	RB27-LOWER-011	CORRESPONDENCE_SYNC
RB27-LOWER-P0137	27	18	zh/18/btree.sgml	215	btree	B-树	RB27-LOWER-036	CORRESPONDENCE_SYNC
RB27-LOWER-P0138	27	18	zh/18/btree.sgml	234	btree	B-树	RB27-LOWER-017	CORRESPONDENCE_SYNC
RB27-LOWER-P0139	27	18	zh/18/btree.sgml	235	btree	B-树	RB27-LOWER-017	CORRESPONDENCE_SYNC
RB27-LOWER-P0140	27	18	zh/18/btree.sgml	401	btree	B-树	RB27-LOWER-014	CORRESPONDENCE_SYNC
RB27-LOWER-P0141	27	18	zh/18/btree.sgml	403	btree	B-树	RB27-LOWER-014	CORRESPONDENCE_SYNC
RB27-H05845	27	18	zh/18/btree.sgml	465	B-tree	B-树	F03-U0023	HISTORICAL_ROLLBACK
RB27-H05846	27	18	zh/18/btree.sgml	481	B-tree	B-树	F03-U0024	HISTORICAL_ROLLBACK
RB27-H05847	27	18	zh/18/btree.sgml	482	B-tree	B-树	F03-U0024	HISTORICAL_ROLLBACK
RB27-H05848	27	18	zh/18/btree.sgml	484	B-tree	B-树	F03-U0024	HISTORICAL_ROLLBACK
RB27-H05849	27	18	zh/18/btree.sgml	486	B-tree	B-树	F03-U0024	HISTORICAL_ROLLBACK
RB27-H05850	27	18	zh/18/btree.sgml	487	B-tree	B-树	F03-U0024	HISTORICAL_ROLLBACK
RB27-LOWER-P0142	27	18	zh/18/btree.sgml	496	btree	B-树	RB27-LOWER-035	CORRESPONDENCE_SYNC
RB27-H05851	27	18	zh/18/btree.sgml	497	B-tree	B-树	F03-U0184	HISTORICAL_ROLLBACK
RB27-H05852	27	18	zh/18/btree.sgml	520	B-tree	B-树	F03-U0025	HISTORICAL_ROLLBACK
RB27-H05853	27	18	zh/18/btree.sgml	520	B-tree	B-树	F03-U0025	HISTORICAL_ROLLBACK
RB27-H05854	27	18	zh/18/btree.sgml	524	B-tree	B-树	F03-U0026	HISTORICAL_ROLLBACK
RB27-H05855	27	18	zh/18/btree.sgml	526	B-tree	B-树	F03-U0027	HISTORICAL_ROLLBACK
RB27-H05856	27	18	zh/18/btree.sgml	532	B-tree	B-树	F03-U0028	HISTORICAL_ROLLBACK
RB27-H05857	27	18	zh/18/btree.sgml	539	B-tree	B-树	F03-U0029	HISTORICAL_ROLLBACK
RB27-H05858	27	18	zh/18/btree.sgml	549	B-tree	B-树	F03-U0030	HISTORICAL_ROLLBACK
RB27-H05859	27	18	zh/18/btree.sgml	554	B-tree	B-树	F03-U0031	HISTORICAL_ROLLBACK
RB27-H05860	27	18	zh/18/btree.sgml	561	B-tree	B-树	F03-U0032	HISTORICAL_ROLLBACK
RB27-H05861	27	18	zh/18/btree.sgml	568	B-tree	B-树	F03-U0033	HISTORICAL_ROLLBACK
RB27-H05862	27	18	zh/18/btree.sgml	586	B-tree	B-树	F03-U0034	HISTORICAL_ROLLBACK
RB27-H05863	27	18	zh/18/btree.sgml	595	B-tree	B-树	F03-U0035	HISTORICAL_ROLLBACK
RB27-H05864	27	18	zh/18/btree.sgml	596	B-tree	B-树	F03-U0035	HISTORICAL_ROLLBACK
RB27-H05865	27	18	zh/18/btree.sgml	598	B-tree	B-树	F03-U0035	HISTORICAL_ROLLBACK
RB27-H05866	27	18	zh/18/btree.sgml	604	B-tree	B-树	F03-U0036	HISTORICAL_ROLLBACK
RB27-H05867	27	18	zh/18/btree.sgml	658	B-tree	B-树	F03-U0037	HISTORICAL_ROLLBACK
RB27-H05868	27	18	zh/18/catalogs.sgml	806	B-tree	B-树	F03-U0038	HISTORICAL_ROLLBACK
RB27-H05869	27	18	zh/18/catalogs.sgml	829	B-tree	B-树	F03-U0039	HISTORICAL_ROLLBACK
RB27-H05870	27	18	zh/18/charset.sgml	1052	B-tree	B-树	F03-U0040	HISTORICAL_ROLLBACK
RB27-H05871	27	18	zh/18/citext.sgml	213	B-tree	B-树	F03-U0041	HISTORICAL_ROLLBACK
RB27-H05872	27	18	zh/18/citext.sgml	214	B-tree	B-树	F03-U0041	HISTORICAL_ROLLBACK
RB27-H05873	27	18	zh/18/config.sgml	2497	B-tree	B-树	F03-U0042	HISTORICAL_ROLLBACK
IH0014	199	18	zh/18/config.sgml	2820	整页映像	整页镜像	RB199-full-writes	HISTORICAL_ROLLBACK
IH0015	199	18	zh/18/config.sgml	2874	整页映像	整页镜像	RB199-compression-mention1	HISTORICAL_ROLLBACK
IH0016	199	18	zh/18/config.sgml	2875	页映像	页镜像	RB199-compression-mention2	HISTORICAL_ROLLBACK
RB27-H05874	27	18	zh/18/config.sgml	10147	B-tree	B-树	F03-U0043	HISTORICAL_ROLLBACK
IH0017	199	18	zh/18/config.sgml	10166	整页映像	整页镜像	RB199-consistency-mention1	HISTORICAL_ROLLBACK
IH0153	199	18	zh/18/config.sgml	10166	映像	镜像	RB199-consistency-mention2	CORRESPONDENCE_SYNC
RB27-H05875	27	18	zh/18/cube.sgml	217	B-tree	B-树	F03-U0044	HISTORICAL_ROLLBACK
RB27-H05876	27	18	zh/18/ddl.sgml	671	B-tree	B-树	F03-U0045	HISTORICAL_ROLLBACK
RB27-H05877	27	18	zh/18/ddl.sgml	748	B-tree	B-树	F03-U0046	HISTORICAL_ROLLBACK
RB27-H05878	27	18	zh/18/ddl.sgml	3848	B-tree	B-树	F03-U0047	HISTORICAL_ROLLBACK
RB27-H05879	27	18	zh/18/ddl.sgml	3848	B-tree	B-树	F03-U0047	HISTORICAL_ROLLBACK
RB27-H05880	27	18	zh/18/func.sgml	13804	B-tree	B-树	F03-U0048	HISTORICAL_ROLLBACK
RB27-H05881	27	18	zh/18/func.sgml	17096	B-tree	B-树	F03-U0049	HISTORICAL_ROLLBACK
OT-P0023	385	18	zh/18/func.sgml	19623	百分位数	百分位点	OT-385-01-continuous-index-primary	HISTORICAL_ROLLBACK
OT-P0024	385	18	zh/18/func.sgml	19634	连续百分位数	连续百分位点	OT-385-03-continuous-firstterm	HISTORICAL_ROLLBACK
OT-P0025	385	18	zh/18/func.sgml	19650	数	点	OT-385-04-multiple-continuous-results	HISTORICAL_ROLLBACK
OT-P0026	385	18	zh/18/func.sgml	19650	数	点	OT-385-05-continuous-result-anaphor	HISTORICAL_ROLLBACK
RB27-H05882	27	18	zh/18/func.sgml	20540	B-tree	B-树	F03-U0050	HISTORICAL_ROLLBACK
RB27-H05883	27	18	zh/18/func.sgml	20540	B-tree	B-树	F03-U0050	HISTORICAL_ROLLBACK
RB27-H05884	27	18	zh/18/func.sgml	20606	B-tree	B-树	F03-U0051	HISTORICAL_ROLLBACK
RB27-H05885	27	18	zh/18/func.sgml	20606	B-tree	B-树	F03-U0051	HISTORICAL_ROLLBACK
RB27-H05886	27,127	18	zh/18/func.sgml	20611	B-tree	B-树	F03-U0052	HISTORICAL_ROLLBACK
RB27-H05887	27	18	zh/18/func.sgml	20620	B-tree	B-树	F03-U0052	HISTORICAL_ROLLBACK
IH0108	199	18	zh/18/generic-wal.sgml	34	整页映像	整页镜像	RB199-generic-register	HISTORICAL_ROLLBACK
IH0109	199	18	zh/18/generic-wal.sgml	40	页面映像	页面镜像	RB199-generic-modify	HISTORICAL_ROLLBACK
IH0110	199	18	zh/18/generic-wal.sgml	53	页面映像	页面镜像	RB199-generic-abort	HISTORICAL_ROLLBACK
IH0111	199	18	zh/18/generic-wal.sgml	68	页面映像	页面镜像	RB199-generic-interleave	HISTORICAL_ROLLBACK
IH0112	199	18	zh/18/generic-wal.sgml	110	页面映像	页面镜像	RB199-generic-delta-mention1	HISTORICAL_ROLLBACK
IH0113	199	18	zh/18/generic-wal.sgml	110	页面映像	页面镜像	RB199-generic-delta-mention2	HISTORICAL_ROLLBACK
RB27-H05888	27	18	zh/18/geqo.sgml	19	B-tree	B-树	F03-U0055	HISTORICAL_ROLLBACK
RB27-H05889	27,127	18	zh/18/gin.sgml	308	B-tree	B-树	F03-U0056	HISTORICAL_ROLLBACK
RB27-H05890	27	18	zh/18/gin.sgml	309	B-tree	B-树	F03-U0056	HISTORICAL_ROLLBACK
RB27-H05891	27	18	zh/18/gin.sgml	376	B-tree	B-树	F03-U0057	HISTORICAL_ROLLBACK
RB27-H05892	27	18	zh/18/gin.sgml	377	B-tree	B-树	F03-U0057	HISTORICAL_ROLLBACK
RB27-H05893	27	18	zh/18/gin.sgml	389	B-tree	B-树	F03-U0058	HISTORICAL_ROLLBACK
RB27-H05894	27	18	zh/18/gin.sgml	548	B-tree	B-树	F03-U0059	HISTORICAL_ROLLBACK
RB27-H05895	27	18	zh/18/gist.sgml	15	B-tree	B-树	F03-U0060	HISTORICAL_ROLLBACK
RB27-H05896	27	18	zh/18/gist.sgml	214	B-tree	B-树	F03-U0061	HISTORICAL_ROLLBACK
RB27-H05897	27	18	zh/18/gist.sgml	214	B-tree	B-树	F03-U0061	HISTORICAL_ROLLBACK
RB27-H05898	27	18	zh/18/gist.sgml	214	B-tree	B-树	F03-U0061	HISTORICAL_ROLLBACK
RB27-H05899	27	18	zh/18/gist.sgml	218	B-tree	B-树	F03-U0062	HISTORICAL_ROLLBACK
RB27-H05900	27	18	zh/18/gist.sgml	222	B-tree	B-树	F03-U0063	HISTORICAL_ROLLBACK
RB27-H05901	27	18	zh/18/gist.sgml	1057	B-tree	B-树	F03-U0064	HISTORICAL_ROLLBACK
RB27-H05902	27	18	zh/18/hash.sgml	28	B-tree	B-树	F03-U0065	HISTORICAL_ROLLBACK
RB27-H05903	27	18	zh/18/hash.sgml	32	B-tree	B-树	F03-U0066	HISTORICAL_ROLLBACK
RB27-H05904	27	18	zh/18/hash.sgml	36	B-tree	B-树	F03-U0067	HISTORICAL_ROLLBACK
RB27-H05905	27	18	zh/18/hash.sgml	45	B-tree	B-树	F03-U0068	HISTORICAL_ROLLBACK
RB27-H05909	27	18	zh/18/indexam.sgml	490	B-tree	B-树	F03-U0069	HISTORICAL_ROLLBACK
RB27-H05910	27	18	zh/18/indexam.sgml	490	B-tree	B-树	F03-U0069	HISTORICAL_ROLLBACK
RB27-H05911	27	18	zh/18/indexam.sgml	544	B-tree	B-树	F03-U0070	HISTORICAL_ROLLBACK
RB27-H05912	27	18	zh/18/indexam.sgml	589	B-tree	B-树	F03-U0071	HISTORICAL_ROLLBACK
RB27-S016	27	18	zh/18/indices.sgml	91	B-tree	B-树	F03-U0072	CROSS_VERSION_ALIGNMENT
RB27-S017	27	18	zh/18/indices.sgml	93	B-tree	B-树	F03-U0072	CROSS_VERSION_ALIGNMENT
RB27-S018	27	18	zh/18/indices.sgml	100	B-Tree	B-树	F03-U0073	CROSS_VERSION_ALIGNMENT
RB27-S019	27	18	zh/18/indices.sgml	104	B-Tree	B-树	F03-U0073	CROSS_VERSION_ALIGNMENT
RB27-S020	27	18	zh/18/indices.sgml	107	B-Tree	B-树	F03-U0073	CROSS_VERSION_ALIGNMENT
RB27-H05913	27	18	zh/18/indices.sgml	112	B-tree	B-树	F03-U0074	HISTORICAL_ROLLBACK
RB27-H05914	27	18	zh/18/indices.sgml	112	B-tree	B-树	F03-U0074	HISTORICAL_ROLLBACK
RB27-H05915	27	18	zh/18/indices.sgml	118	B-tree	B-树	F03-U0074	HISTORICAL_ROLLBACK
RB27-H05916	27	18	zh/18/indices.sgml	119	B-tree	B-树	F03-U0074	HISTORICAL_ROLLBACK
RB27-H05917	27	18	zh/18/indices.sgml	123	B-tree	B-树	F03-U0075	HISTORICAL_ROLLBACK
RB27-H05918	27	18	zh/18/indices.sgml	124	B-tree	B-树	F03-U0075	HISTORICAL_ROLLBACK
RB27-H05919	27	18	zh/18/indices.sgml	128	B-tree	B-树	F03-U0076	HISTORICAL_ROLLBACK
INDEX27-18-R25	27	18	zh/18/indices.sgml	292	B-tree	B-树	RB27-ASSOC-INDICES-MULTICOLUMN	CORRESPONDENCE_SYNC
RB27-H05920	27	18	zh/18/indices.sgml	296	B-tree	B-树	F03-U0077	HISTORICAL_ROLLBACK
RB27-H05921	27	18	zh/18/indices.sgml	296	B-tree	B-树	F03-U0077	HISTORICAL_ROLLBACK
RB27-H05922	27	18	zh/18/indices.sgml	300	B-tree	B-树	F03-U0185	HISTORICAL_ROLLBACK
RB27-H05923	27	18	zh/18/indices.sgml	304	B-tree	B-树	F03-U0186	HISTORICAL_ROLLBACK
RB27-H05924	27	18	zh/18/indices.sgml	312	B-tree	B-树	F03-U0078	HISTORICAL_ROLLBACK
RB27-H05925	27	18	zh/18/indices.sgml	316	B-tree	B-树	F03-U0079	HISTORICAL_ROLLBACK
INDEX27-18-R26	27	18	zh/18/indices.sgml	338	B-tree	B-树	RB27-ASSOC-INDICES-ORDERING	CORRESPONDENCE_SYNC
RB27-H05926	27	18	zh/18/indices.sgml	346	B-tree	B-树	F03-U0080	HISTORICAL_ROLLBACK
RB27-H05927	27	18	zh/18/indices.sgml	350	B-tree	B-树	F03-U0081	HISTORICAL_ROLLBACK
RB27-H05928	27	18	zh/18/indices.sgml	394	B-tree	B-树	F03-U0187	HISTORICAL_ROLLBACK
RB27-H05929	27	18	zh/18/indices.sgml	413	B-tree	B-树	F03-U0082	HISTORICAL_ROLLBACK
RB27-H05930	27	18	zh/18/indices.sgml	683	B-tree	B-树	F03-U0083	HISTORICAL_ROLLBACK
RB27-H05931	27	18	zh/18/indices.sgml	738	B-tree	B-树	F03-U0084	HISTORICAL_ROLLBACK
INDEX27-18-R27	27	18	zh/18/indices.sgml	750	B-Tree	B-树	RB27-ASSOC-INDICES-UPPER-LEVEL	CORRESPONDENCE_SYNC
INDEX27-18-R28	27	18	zh/18/indices.sgml	750	B-Tree	B-树	RB27-ASSOC-INDICES-LOWEST-LEVEL	CORRESPONDENCE_SYNC
RB27-H05932	27	18	zh/18/indices.sgml	796	B-tree	B-树	F03-U0085	HISTORICAL_ROLLBACK
RB27-H05933	27	18	zh/18/indices.sgml	805	B-tree	B-树	F03-U0086	HISTORICAL_ROLLBACK
RB27-H05934	27	18	zh/18/isn.sgml	198	B-tree	B-树	F03-U0087	HISTORICAL_ROLLBACK
RB27-H05935	27	18	zh/18/lobj.sgml	42	B-tree	B-树	F03-U0088	HISTORICAL_ROLLBACK
RB27-H05936	27	18	zh/18/ltree.sgml	574	B-tree	B-树	F03-U0089	HISTORICAL_ROLLBACK
RB27-H05937	27	18	zh/18/maintenance.sgml	821	B-tree	B-树	F03-U0090	HISTORICAL_ROLLBACK
RB27-H05938	27	18	zh/18/maintenance.sgml	828	B-tree	B-树	F03-U0091	HISTORICAL_ROLLBACK
RB27-H05939	27	18	zh/18/maintenance.sgml	829	B-tree	B-树	F03-U0091	HISTORICAL_ROLLBACK
RB27-H05940	27	18	zh/18/maintenance.sgml	833	B-tree	B-树	F03-U0092	HISTORICAL_ROLLBACK
RB27-H05941	27	18	zh/18/maintenance.sgml	835	B-tree	B-树	F03-U0092	HISTORICAL_ROLLBACK
RB27-H05942	27	18	zh/18/monitoring.sgml	1465	B-tree	B-树	F03-U0093	HISTORICAL_ROLLBACK
RB27-H05943	27	18	zh/18/monitoring.sgml	1800	B-tree	B-树	F03-U0094	HISTORICAL_ROLLBACK
IH0030	199	18	zh/18/monitoring.sgml	2912	整页映像	整页镜像	RB199-prefetch-skip	HISTORICAL_ROLLBACK
IH0031	199	18	zh/18/monitoring.sgml	4106	整页映像	整页镜像	RB199-wal-count	HISTORICAL_ROLLBACK
RB27-H05944	27	18	zh/18/mvcc.sgml	1332	B-tree	B-树	F03-U0095	HISTORICAL_ROLLBACK
RB27-H05945	27	18	zh/18/mvcc.sgml	1366	B-tree	B-树	F03-U0096	HISTORICAL_ROLLBACK
RB27-H05946	27	18	zh/18/mvcc.sgml	1366	B-tree	B-树	F03-U0096	HISTORICAL_ROLLBACK
RB27-H05947	27	18	zh/18/mvcc.sgml	1366	B-tree	B-树	F03-U0096	HISTORICAL_ROLLBACK
RB27-H05948	27	18	zh/18/pageinspect.sgml	238	B-tree	B-树	F03-U0097	HISTORICAL_ROLLBACK
RB27-H05949	27	18	zh/18/pageinspect.sgml	251	B-tree	B-树	F03-U0098	HISTORICAL_ROLLBACK
RB27-H05950	27	18	zh/18/pageinspect.sgml	279	B-tree	B-树	F03-U0099	HISTORICAL_ROLLBACK
RB27-H05951	27	18	zh/18/pageinspect.sgml	352	B-tree	B-树	F03-U0100	HISTORICAL_ROLLBACK
RB27-H05952	27	18	zh/18/pageinspect.sgml	373	B-tree	B-树	F03-U0100	HISTORICAL_ROLLBACK
RB27-H05953	27	18	zh/18/pageinspect.sgml	386	B-tree	B-树	F03-U0101	HISTORICAL_ROLLBACK
RB27-H05954	27	18	zh/18/parallel.sgml	170	B-tree	B-树	F03-U0102	HISTORICAL_ROLLBACK
RB27-H05955	27	18	zh/18/parallel.sgml	173	B-tree	B-树	F03-U0102	HISTORICAL_ROLLBACK
RB27-H05956	27	18	zh/18/parallel.sgml	178	B-tree	B-树	F03-U0103	HISTORICAL_ROLLBACK
IH0114	199	18	zh/18/pgstatstatements.sgml	411	整页映像	整页镜像	RB199-statement-wal-count	HISTORICAL_ROLLBACK
RB27-H05957	27	18	zh/18/pgstattuple.sgml	163	B-tree	B-树	F03-U0104	HISTORICAL_ROLLBACK
RB27-H05958	27	18	zh/18/pgstattuple.sgml	198	B-tree	B-树	F03-U0105	HISTORICAL_ROLLBACK
RB27-H05959	27	18	zh/18/pgtrgm.sgml	391	B-tree	B-树	F03-U0106	HISTORICAL_ROLLBACK
RB27-H05960	27	18	zh/18/pgtrgm.sgml	491	B-tree	B-树	F03-U0107	HISTORICAL_ROLLBACK
RB27-H05961	27	18	zh/18/pgtrgm.sgml	502	B-tree	B-树	F03-U0108	HISTORICAL_ROLLBACK
RB27-H05962	27,127	18	zh/18/queries.sgml	1383	B-tree	B-树	F03-U0109	HISTORICAL_ROLLBACK
RB27-H05963	27	18	zh/18/rangetypes.sgml	290	B-tree	B-树	F03-U0110	HISTORICAL_ROLLBACK
RB27-H05964	27	18	zh/18/rangetypes.sgml	360	B-tree	B-树	F03-U0111	HISTORICAL_ROLLBACK
RB27-H05965	27	18	zh/18/rangetypes.sgml	360	B-tree	B-树	F03-U0111	HISTORICAL_ROLLBACK
RB27-H05966	27	18	zh/18/rangetypes.sgml	360	B-tree	B-树	F03-U0111	HISTORICAL_ROLLBACK
RB27-H05967	27	18	zh/18/ref/alter_opfamily.sgml	137	B-tree	B-树	F03-U0112	HISTORICAL_ROLLBACK
RB27-H05968	27	18	zh/18/ref/alter_opfamily.sgml	139	B-tree	B-树	F03-U0112	HISTORICAL_ROLLBACK
RB27-H05969	27	18	zh/18/ref/alter_opfamily.sgml	140	B-tree	B-树	F03-U0112	HISTORICAL_ROLLBACK
RB27-H05970	27	18	zh/18/ref/alter_opfamily.sgml	257	B-tree	B-树	F03-U0113	HISTORICAL_ROLLBACK
RB27-H05971	27	18	zh/18/ref/alter_table.sgml	354	B-tree	B-树	F03-U0114	HISTORICAL_ROLLBACK
RB27-H05972	27	18	zh/18/ref/cluster.sgml	143	B-tree	B-树	F03-U0115	HISTORICAL_ROLLBACK
RB27-H05973	27	18	zh/18/ref/create_aggregate.sgml	231	B-tree	B-树	F03-U0116	HISTORICAL_ROLLBACK
RB27-H05974	27	18	zh/18/ref/create_index.sgml	60	B-tree	B-树	F03-U0117	HISTORICAL_ROLLBACK
RB27-H05975	27	18	zh/18/ref/create_index.sgml	160	B-tree	B-树	F03-U0118	HISTORICAL_ROLLBACK
RB27-H05976	27	18	zh/18/ref/create_index.sgml	173	B-tree	B-树	F03-U0119	HISTORICAL_ROLLBACK
RB27-H05977	27	18	zh/18/ref/create_index.sgml	379	B-tree	B-树	F03-U0120	HISTORICAL_ROLLBACK
RB27-H05978	27	18	zh/18/ref/create_index.sgml	393	B-tree	B-树	F03-U0121	HISTORICAL_ROLLBACK
RB27-H05979	27	18	zh/18/ref/create_index.sgml	396	B-tree	B-树	F03-U0121	HISTORICAL_ROLLBACK
RB27-H05980	27	18	zh/18/ref/create_index.sgml	402	B-tree	B-树	F03-U0122	HISTORICAL_ROLLBACK
RB27-H05981	27	18	zh/18/ref/create_index.sgml	403	B-tree	B-树	F03-U0122	HISTORICAL_ROLLBACK
RB27-H05982	27	18	zh/18/ref/create_index.sgml	406	B-tree	B-树	F03-U0122	HISTORICAL_ROLLBACK
RB27-H05983	27	18	zh/18/ref/create_index.sgml	427	B-tree	B-树	F03-U0123	HISTORICAL_ROLLBACK
RB27-H05984	27	18	zh/18/ref/create_index.sgml	441	B-tree	B-树	F03-U0124	HISTORICAL_ROLLBACK
RB27-H05985	27	18	zh/18/ref/create_index.sgml	684	B-tree	B-树	F03-U0125	HISTORICAL_ROLLBACK
RB27-H05986	27	18	zh/18/ref/create_index.sgml	688	B-tree	B-树	F03-U0125	HISTORICAL_ROLLBACK
RB27-H05987	27	18	zh/18/ref/create_index.sgml	694	B-tree	B-树	F03-U0126	HISTORICAL_ROLLBACK
RB27-H05988	27	18	zh/18/ref/create_index.sgml	717	B-tree	B-树	F03-U0127	HISTORICAL_ROLLBACK
RB27-H05989	27	18	zh/18/ref/create_index.sgml	751	B-tree	B-树	F03-U0128	HISTORICAL_ROLLBACK
RB27-H05990	27	18	zh/18/ref/create_index.sgml	826	B-tree	B-树	F03-U0129	HISTORICAL_ROLLBACK
RB27-H05991	27	18	zh/18/ref/create_index.sgml	834	B-tree	B-树	F03-U0130	HISTORICAL_ROLLBACK
RB27-H05992	27	18	zh/18/ref/create_index.sgml	842	B-tree	B-树	F03-U0131	HISTORICAL_ROLLBACK
RB27-H05993	27	18	zh/18/ref/create_opclass.sgml	156	B-tree	B-树	F03-U0132	HISTORICAL_ROLLBACK
RB27-H05994	27	18	zh/18/ref/create_opclass.sgml	157	B-tree	B-树	F03-U0132	HISTORICAL_ROLLBACK
RB27-H05995	27	18	zh/18/ref/create_opclass.sgml	157	B-tree	B-树	F03-U0132	HISTORICAL_ROLLBACK
RB27-H05996	27	18	zh/18/ref/create_opclass.sgml	161	B-tree	B-树	F03-U0132	HISTORICAL_ROLLBACK
RB27-H05997	27	18	zh/18/ref/create_operator.sgml	287	B-tree	B-树	F03-U0133	HISTORICAL_ROLLBACK
RB27-LOWER-P0143	27	18	zh/18/ref/create_table.sgml	348	btree	B-树	RB27-LOWER-029	CORRESPONDENCE_SYNC
RB27-H05998	27	18	zh/18/ref/create_table.sgml	796	B-tree	B-树	F03-U0134	HISTORICAL_ROLLBACK
RB27-H05999	27	18	zh/18/ref/create_table.sgml	844	B-tree	B-树	F03-U0135	HISTORICAL_ROLLBACK
RB27-H06000	27	18	zh/18/ref/create_table.sgml	885	B-tree	B-树	F03-U0136	HISTORICAL_ROLLBACK
RB27-H06001	27	18	zh/18/ref/create_type.sgml	141	B-tree	B-树	F03-U0137	HISTORICAL_ROLLBACK
RB27-H06002	27,127	18	zh/18/ref/create_type.sgml	142	B-tree	B-树	F03-U0137	HISTORICAL_ROLLBACK
RB27-H06003	27,127	18	zh/18/ref/create_type.sgml	294	B-tree	B-树	F03-U0138	HISTORICAL_ROLLBACK
RB27-H06004	27	18	zh/18/ref/create_type.sgml	554	B-tree	B-树	F03-U0139	HISTORICAL_ROLLBACK
IH0146	199	18	zh/18/ref/explain.sgml	151	整页映像	整页镜像	RB199-explain-wal-mention1	HISTORICAL_ROLLBACK
RB27-H06005	27	18	zh/18/ref/pg_amcheck.sgml	38	B-tree	B-树	F03-U0140	HISTORICAL_ROLLBACK
RB27-H06006	27	18	zh/18/ref/pg_amcheck.sgml	198	B-tree	B-树	F03-U0141	HISTORICAL_ROLLBACK
RB27-H06007	27	18	zh/18/ref/pg_amcheck.sgml	284	B-tree	B-树	F03-U0142	HISTORICAL_ROLLBACK
RB27-H06008	27	18	zh/18/ref/pg_amcheck.sgml	309	B-tree	B-树	F03-U0143	HISTORICAL_ROLLBACK
RB27-H06009	27	18	zh/18/ref/pg_amcheck.sgml	327	B-tree	B-树	F03-U0144	HISTORICAL_ROLLBACK
RB27-H06010	27	18	zh/18/ref/pg_amcheck.sgml	336	B-tree	B-树	F03-U0145	HISTORICAL_ROLLBACK
IH0115	199	18	zh/18/ref/pg_waldump.sgml	220	整页映像	整页镜像	RB199-waldump-fullpage	HISTORICAL_ROLLBACK
IH0116	199	18	zh/18/ref/pg_waldump.sgml	240	整页映像	整页镜像	RB199-waldump-stats	HISTORICAL_ROLLBACK
IH0117	199	18	zh/18/ref/pg_waldump.sgml	257	整页映像	整页镜像	RB199-waldump-save-mention1	HISTORICAL_ROLLBACK
IH0118	199	18	zh/18/ref/pg_waldump.sgml	258	映像	镜像	RB199-waldump-save-mention2	HISTORICAL_ROLLBACK
IH0119	199	18	zh/18/ref/pg_waldump.sgml	261	整页映像	整页镜像	RB199-waldump-format	HISTORICAL_ROLLBACK
IH0120	199	18	zh/18/ref/pg_waldump.sgml	283	映像	镜像	RB199-waldump-lsn	HISTORICAL_ROLLBACK
IH0121	199	18	zh/18/ref/pg_waldump.sgml	310	整页映像	整页镜像	RB199-waldump-fork	HISTORICAL_ROLLBACK
RB27-H06011	27	18	zh/18/ref/reindex.sgml	57	B-tree	B-树	F03-U0146	HISTORICAL_ROLLBACK
RB27-H06012	27	18	zh/18/ref/select.sgml	1251	B-tree	B-树	F03-U0147	HISTORICAL_ROLLBACK
RB27-LOWER-P0144	27	18	zh/18/release-18.sgml	2346	btree	B-树	RB27-LOWER-012	CORRESPONDENCE_SYNC
IH0018	199	18	zh/18/release-18.sgml	2439	整页映像	整页镜像	RB199-release-vm-fix	HISTORICAL_ROLLBACK
RB27-LOWER-P0145	27	18	zh/18/release-18.sgml	3327	btree	B-树	RB27-LOWER-025	CORRESPONDENCE_SYNC
RB27-LOWER-P0146	27	18	zh/18/release-18.sgml	3371	btree	B-树	RB27-LOWER-004	CORRESPONDENCE_SYNC
RB27-LOWER-P0147	27	18	zh/18/release-18.sgml	3581	btree	B-树	RB27-LOWER-024	CORRESPONDENCE_SYNC
RB27-LOWER-P0148	27	18	zh/18/release-18.sgml	5064	btree	B-树	RB27-LOWER-028	CORRESPONDENCE_SYNC
RB27-LOWER-P0149	27	18	zh/18/release-18.sgml	6367	btree	B-树	RB27-LOWER-015	CORRESPONDENCE_SYNC
RB27-LOWER-P0150	27	18	zh/18/release-18.sgml	6367	btree	B-树	RB27-LOWER-015	CORRESPONDENCE_SYNC
RB27-LOWER-P0151	27	18	zh/18/release-18.sgml	6367	btree	B-树	RB27-LOWER-015	CORRESPONDENCE_SYNC
RB27-LOWER-P0152	27	18	zh/18/release-18.sgml	7311	btree	B-树	RB27-LOWER-006	CORRESPONDENCE_SYNC
RB27-LOWER-P0153	27	18	zh/18/release-18.sgml	7335	btree	B-树	RB27-LOWER-005	CORRESPONDENCE_SYNC
RB27-LOWER-P0154	27	18	zh/18/release-18.sgml	7357	btree	B-树	RB27-LOWER-007	CORRESPONDENCE_SYNC
RB27-LOWER-P0155	27	18	zh/18/release-18.sgml	7643	btree	B-树	RB27-LOWER-009	CORRESPONDENCE_SYNC
RB27-LOWER-P0156	27	18	zh/18/release-18.sgml	8530	btree	B-树	RB27-LOWER-041	CORRESPONDENCE_SYNC
RB27-H06014	27	18	zh/18/release-18.sgml	8617	B-tree	B-树	F03-U0188	HISTORICAL_ROLLBACK
RB27-LOWER-P0157	27	18	zh/18/release-18.sgml	9110	btree	B-树	RB27-LOWER-034	CORRESPONDENCE_SYNC
RB27-H06015	27	18	zh/18/release-18.sgml	9114	B-tree	B-树	F03-U0189	HISTORICAL_ROLLBACK
RB27-H06016	27	18	zh/18/release-18.sgml	9127	B-tree	B-树	F03-U0190	HISTORICAL_ROLLBACK
RB27-LOWER-P0158	27	18	zh/18/release-18.sgml	9154	btree	B-树	RB27-LOWER-030	CORRESPONDENCE_SYNC
RB27-H06017	27	18	zh/18/storage.sgml	791	B-tree	B-树	F03-U0149	HISTORICAL_ROLLBACK
OT-P0027	385	18	zh/18/syntax.sgml	1270	数	点	OT-385-10-percentile-calculations	HISTORICAL_ROLLBACK
OT-P0028	385	18	zh/18/syntax.sgml	1282	百分位数	百分位点	OT-385-12-seealso-index	HISTORICAL_ROLLBACK
OT-P0047	385	18	zh/18/syntax.sgml	1293	百分位数	百分位点	OT-385-13-returned-50th-value	CORRESPONDENCE_SYNC
IH0122	199	18	zh/18/wal.sgml	141	整页映像	整页镜像	RB199-reliability-images-mention1	HISTORICAL_ROLLBACK
IH0123	199	18	zh/18/wal.sgml	144	页面映像	页面镜像	RB199-reliability-images-mention2	HISTORICAL_ROLLBACK
IH0124	199	18	zh/18/wal.sgml	161	整页映像	整页镜像	RB199-reliability-checksum	HISTORICAL_ROLLBACK
OT-P0035	385	18	zh/18/xaggr.sgml	265	数	点	OT-385-15-rank-or-percentile	HISTORICAL_ROLLBACK
RB27-H06018	27	18	zh/18/xindex.sgml	12	B-tree	B-树	F03-U0150	HISTORICAL_ROLLBACK
RB27-H06019	27	18	zh/18/xindex.sgml	24	B-tree	B-树	F03-U0183	HISTORICAL_ROLLBACK
RB27-H06020	27	18	zh/18/xindex.sgml	34	B-tree	B-树	F03-U0151	HISTORICAL_ROLLBACK
RB27-H06021	27	18	zh/18/xindex.sgml	34	B-tree	B-树	F03-U0151	HISTORICAL_ROLLBACK
RB27-H06022	27	18	zh/18/xindex.sgml	38	B-tree	B-树	F03-U0152	HISTORICAL_ROLLBACK
RB27-H06023	27	18	zh/18/xindex.sgml	46	B-tree	B-树	F03-U0153	HISTORICAL_ROLLBACK
RB27-H06024	27	18	zh/18/xindex.sgml	46	B-tree	B-树	F03-U0153	HISTORICAL_ROLLBACK
RB27-H06025	27	18	zh/18/xindex.sgml	50	B-tree	B-树	F03-U0154	HISTORICAL_ROLLBACK
RB27-H06026	27	18	zh/18/xindex.sgml	54	B-tree	B-树	F03-U0155	HISTORICAL_ROLLBACK
RB27-H06027	27	18	zh/18/xindex.sgml	298	B-tree	B-树	F03-U0156	HISTORICAL_ROLLBACK
RB27-H06028	27	18	zh/18/xindex.sgml	311	B-tree	B-树	F03-U0157	HISTORICAL_ROLLBACK
RB27-H06029	27	18	zh/18/xindex.sgml	315	B-tree	B-树	F03-U0158	HISTORICAL_ROLLBACK
RB27-H06030	27	18	zh/18/xindex.sgml	346	B-tree	B-树	F03-U0159	HISTORICAL_ROLLBACK
RB27-H06031	27	18	zh/18/xindex.sgml	662	B-tree	B-树	F03-U0160	HISTORICAL_ROLLBACK
RB27-H06032	27	18	zh/18/xindex.sgml	662	B-tree	B-树	F03-U0160	HISTORICAL_ROLLBACK
RB27-H06033	27	18	zh/18/xindex.sgml	670	B-tree	B-树	F03-U0161	HISTORICAL_ROLLBACK
RB27-H06034	27	18	zh/18/xindex.sgml	682	B-tree	B-树	F03-U0162	HISTORICAL_ROLLBACK
RB27-H06035	27	18	zh/18/xindex.sgml	763	B-tree	B-树	F03-U0163	HISTORICAL_ROLLBACK
RB27-H06036	27	18	zh/18/xindex.sgml	790	B-tree	B-树	F03-U0164	HISTORICAL_ROLLBACK
RB27-H06037	27,127	18	zh/18/xindex.sgml	802	B-tree	B-树	F03-U0165	HISTORICAL_ROLLBACK
RB27-H06038	27	18	zh/18/xindex.sgml	810	B-tree	B-树	F03-U0166	HISTORICAL_ROLLBACK
RB27-H06039	27	18	zh/18/xindex.sgml	822	B-tree	B-树	F03-U0167	HISTORICAL_ROLLBACK
RB27-H06040	27	18	zh/18/xindex.sgml	930	B-tree	B-树	F03-U0168	HISTORICAL_ROLLBACK
RB27-H06041	27	18	zh/18/xindex.sgml	942	B-tree	B-树	F03-U0169	HISTORICAL_ROLLBACK
RB27-H06042	27,127	18	zh/18/xindex.sgml	964	B-tree	B-树	F03-U0170	HISTORICAL_ROLLBACK
RB27-H06043	27,127	18	zh/18/xindex.sgml	968	B-tree	B-树	F03-U0171	HISTORICAL_ROLLBACK
RB27-H06044	27,127	18	zh/18/xindex.sgml	982	B-tree	B-树	F03-U0172	HISTORICAL_ROLLBACK
RB27-H06045	27,127	18	zh/18/xindex.sgml	990	B-tree	B-树	F03-U0173	HISTORICAL_ROLLBACK
RB27-H06046	27,127	18	zh/18/xindex.sgml	990	B-tree	B-树	F03-U0173	HISTORICAL_ROLLBACK
RB27-H06047	27	18	zh/18/xindex.sgml	999	B-tree	B-树	F03-U0174	HISTORICAL_ROLLBACK
RB27-H06048	27	18	zh/18/xindex.sgml	999	B-tree	B-树	F03-U0174	HISTORICAL_ROLLBACK
RB27-H06049	27	18	zh/18/xindex.sgml	999	B-tree	B-树	F03-U0174	HISTORICAL_ROLLBACK
RB27-H06050	27	18	zh/18/xindex.sgml	999	B-tree	B-树	F03-U0174	HISTORICAL_ROLLBACK
RB27-H06051	27	18	zh/18/xindex.sgml	1029	B-tree	B-树	F03-U0175	HISTORICAL_ROLLBACK
RB27-H06052	27	18	zh/18/xindex.sgml	1029	B-tree	B-树	F03-U0175	HISTORICAL_ROLLBACK
RB27-H06053	27	18	zh/18/xindex.sgml	1050	B-tree	B-树	F03-U0176	HISTORICAL_ROLLBACK
RB27-H06054	27	19	zh/19/amcheck.sgml	15	B-tree	B-树	F03-U0001	HISTORICAL_ROLLBACK
RB27-H06055	27	19	zh/19/amcheck.sgml	17	B-tree	B-树	F03-U0001	HISTORICAL_ROLLBACK
RB27-H06056	27	19	zh/19/amcheck.sgml	18	B-tree	B-树	F03-U0001	HISTORICAL_ROLLBACK
RB27-H06057	27	19	zh/19/amcheck.sgml	26	B-tree	B-树	F03-U0002	HISTORICAL_ROLLBACK
RB27-H06058	27	19	zh/19/amcheck.sgml	26	B-tree	B-树	F03-U0002	HISTORICAL_ROLLBACK
RB27-H06059	27	19	zh/19/amcheck.sgml	30	B-tree	B-树	F03-U0003	HISTORICAL_ROLLBACK
RB27-H06060	27	19	zh/19/amcheck.sgml	57	B-tree	B-树	F03-U0004	HISTORICAL_ROLLBACK
RB27-H06061	27	19	zh/19/amcheck.sgml	118	B-tree	B-树	F03-U0005	HISTORICAL_ROLLBACK
RB27-H06062	27	19	zh/19/amcheck.sgml	145	B-tree	B-树	F03-U0006	HISTORICAL_ROLLBACK
RB27-H06063	27	19	zh/19/amcheck.sgml	146	B-tree	B-树	F03-U0006	HISTORICAL_ROLLBACK
RB27-H06064	27	19	zh/19/amcheck.sgml	325	B-tree	B-树	F03-U0007	HISTORICAL_ROLLBACK
RB27-H06065	27	19	zh/19/amcheck.sgml	365	B-tree	B-树	F03-U0008	HISTORICAL_ROLLBACK
RB27-H06066	27	19	zh/19/arch-dev.sgml	201	B-tree	B-树	F03-U0009	HISTORICAL_ROLLBACK
RB27-H06067	27	19	zh/19/arch-dev.sgml	201	B-tree	B-树	F03-U0009	HISTORICAL_ROLLBACK
RB27-H06068	27	19	zh/19/arch-dev.sgml	201	B-tree	B-树	F03-U0009	HISTORICAL_ROLLBACK
RB27-H06069	27	19	zh/19/bloom.sgml	23	B-tree	B-树	F03-U0010	HISTORICAL_ROLLBACK
RB27-H06070	27	19	zh/19/bloom.sgml	23	B-tree	B-树	F03-U0010	HISTORICAL_ROLLBACK
RB27-H06071	27	19	zh/19/bloom.sgml	23	B-tree	B-树	F03-U0010	HISTORICAL_ROLLBACK
RB27-H06072	27	19	zh/19/bloom.sgml	72	B-tree	B-树	F03-U0011	HISTORICAL_ROLLBACK
RB27-H06073	27	19	zh/19/bloom.sgml	72	B-tree	B-树	F03-U0011	HISTORICAL_ROLLBACK
RB27-H06074	27	19	zh/19/bloom.sgml	106	B-tree	B-树	F03-U0012	HISTORICAL_ROLLBACK
RB27-H06075	27	19	zh/19/bloom.sgml	129	B-tree	B-树	F03-U0013	HISTORICAL_ROLLBACK
RB27-H06076	27	19	zh/19/bloom.sgml	157	B-tree	B-树	F03-U0014	HISTORICAL_ROLLBACK
RB27-H06077	27	19	zh/19/bloom.sgml	157	B-tree	B-树	F03-U0014	HISTORICAL_ROLLBACK
RB27-H06078	27	19	zh/19/bloom.sgml	157	B-tree	B-树	F03-U0014	HISTORICAL_ROLLBACK
RB27-H06079	27	19	zh/19/bloom.sgml	191	B-tree	B-树	F03-U0014	HISTORICAL_ROLLBACK
RB27-H06080	27	19	zh/19/btree-gin.sgml	4	B-tree	B-树	F03-U0178	HISTORICAL_ROLLBACK
RB27-H06081	27	19	zh/19/btree-gin.sgml	11	B-tree	B-树	F03-U0015	HISTORICAL_ROLLBACK
RB27-H06082	27	19	zh/19/btree-gin.sgml	24	B-tree	B-树	F03-U0016	HISTORICAL_ROLLBACK
RB27-H06083	27	19	zh/19/btree-gin.sgml	24	B-tree	B-树	F03-U0016	HISTORICAL_ROLLBACK
RB27-H06084	27	19	zh/19/btree-gin.sgml	24	B-tree	B-树	F03-U0016	HISTORICAL_ROLLBACK
RB27-H06085	27	19	zh/19/btree-gist.sgml	4	B-tree	B-树	F03-U0179	HISTORICAL_ROLLBACK
RB27-H06086	27	19	zh/19/btree-gist.sgml	11	B-tree	B-树	F03-U0017	HISTORICAL_ROLLBACK
RB27-H06087	27	19	zh/19/btree-gist.sgml	23	B-tree	B-树	F03-U0018	HISTORICAL_ROLLBACK
RB27-H06088	27	19	zh/19/btree-gist.sgml	23	B-tree	B-树	F03-U0018	HISTORICAL_ROLLBACK
RB27-H06089	27	19	zh/19/btree-gist.sgml	23	B-tree	B-树	F03-U0018	HISTORICAL_ROLLBACK
RB27-H06090	27	19	zh/19/btree-gist.sgml	27	B-tree	B-树	F03-U0019	HISTORICAL_ROLLBACK
RB27-H06091	27	19	zh/19/btree.sgml	4	B-tree	B-树	F03-U0020	HISTORICAL_ROLLBACK
INDEX27-19	27	19	zh/19/btree.sgml	8	B-Tree	B-树	RB27-INDEX-SECONDARY	CORRESPONDENCE_SYNC
RB27-ACRONYM-P11	27	19	zh/19/btree.sgml	15		B-树（	RB27-ACRONYM-001	CORRESPONDENCE_SYNC
RB27-ACRONYM-P12	27	19	zh/19/btree.sgml	15	"
  （"	，即	RB27-ACRONYM-001	CORRESPONDENCE_SYNC
RB27-LOWER-P0159	27	19	zh/19/btree.sgml	16	btree	B-树	RB27-LOWER-018	CORRESPONDENCE_SYNC
RB27-LOWER-P0160	27	19	zh/19/btree.sgml	21	btree	B-树	RB27-LOWER-026	CORRESPONDENCE_SYNC
RB27-LOWER-P0161	27	19	zh/19/btree.sgml	21	btree	B-树	RB27-LOWER-026	CORRESPONDENCE_SYNC
RB27-LOWER-P0162	27	19	zh/19/btree.sgml	24	btree	B-树	RB27-LOWER-026	CORRESPONDENCE_SYNC
RB27-H06092	27	19	zh/19/btree.sgml	31	B-tree	B-树	F03-U0021	HISTORICAL_ROLLBACK
RB27-LOWER-P0163	27	19	zh/19/btree.sgml	34	btree	B-树	RB27-LOWER-010	CORRESPONDENCE_SYNC
RB27-LOWER-P0164	27	19	zh/19/btree.sgml	42	btree	B-树	RB27-LOWER-010	CORRESPONDENCE_SYNC
RB27-LOWER-P0165	27	19	zh/19/btree.sgml	52	btree	B-树	RB27-LOWER-027	CORRESPONDENCE_SYNC
RB27-LOWER-P0166	27	19	zh/19/btree.sgml	171	btree	B-树	RB27-LOWER-019	CORRESPONDENCE_SYNC
RB27-LOWER-P0167	27	19	zh/19/btree.sgml	171	btree	B-树	RB27-LOWER-019	CORRESPONDENCE_SYNC
RB27-H06093	27	19	zh/19/btree.sgml	177	B-tree	B-树	F03-U0022	HISTORICAL_ROLLBACK
RB27-LOWER-P0168	27	19	zh/19/btree.sgml	187	btree	B-树	RB27-LOWER-011	CORRESPONDENCE_SYNC
RB27-LOWER-P0169	27	19	zh/19/btree.sgml	215	btree	B-树	RB27-LOWER-036	CORRESPONDENCE_SYNC
RB27-LOWER-P0170	27	19	zh/19/btree.sgml	234	btree	B-树	RB27-LOWER-017	CORRESPONDENCE_SYNC
RB27-LOWER-P0171	27	19	zh/19/btree.sgml	235	btree	B-树	RB27-LOWER-017	CORRESPONDENCE_SYNC
RB27-LOWER-P0172	27	19	zh/19/btree.sgml	401	btree	B-树	RB27-LOWER-014	CORRESPONDENCE_SYNC
RB27-LOWER-P0173	27	19	zh/19/btree.sgml	403	btree	B-树	RB27-LOWER-014	CORRESPONDENCE_SYNC
RB27-H06094	27	19	zh/19/btree.sgml	465	B-tree	B-树	F03-U0023	HISTORICAL_ROLLBACK
RB27-H06095	27	19	zh/19/btree.sgml	481	B-tree	B-树	F03-U0024	HISTORICAL_ROLLBACK
RB27-H06096	27	19	zh/19/btree.sgml	482	B-tree	B-树	F03-U0024	HISTORICAL_ROLLBACK
RB27-H06097	27	19	zh/19/btree.sgml	484	B-tree	B-树	F03-U0024	HISTORICAL_ROLLBACK
RB27-H06098	27	19	zh/19/btree.sgml	486	B-tree	B-树	F03-U0024	HISTORICAL_ROLLBACK
RB27-H06099	27	19	zh/19/btree.sgml	487	B-tree	B-树	F03-U0024	HISTORICAL_ROLLBACK
RB27-LOWER-P0174	27	19	zh/19/btree.sgml	496	btree	B-树	RB27-LOWER-035	CORRESPONDENCE_SYNC
RB27-H06100	27	19	zh/19/btree.sgml	497	B-tree	B-树	F03-U0184	HISTORICAL_ROLLBACK
RB27-H06101	27	19	zh/19/btree.sgml	520	B-tree	B-树	F03-U0025	HISTORICAL_ROLLBACK
RB27-H06102	27	19	zh/19/btree.sgml	520	B-tree	B-树	F03-U0025	HISTORICAL_ROLLBACK
RB27-H06103	27	19	zh/19/btree.sgml	524	B-tree	B-树	F03-U0026	HISTORICAL_ROLLBACK
RB27-H06104	27	19	zh/19/btree.sgml	526	B-tree	B-树	F03-U0027	HISTORICAL_ROLLBACK
RB27-H06105	27	19	zh/19/btree.sgml	532	B-tree	B-树	F03-U0028	HISTORICAL_ROLLBACK
RB27-H06106	27	19	zh/19/btree.sgml	539	B-tree	B-树	F03-U0029	HISTORICAL_ROLLBACK
RB27-H06107	27	19	zh/19/btree.sgml	549	B-tree	B-树	F03-U0030	HISTORICAL_ROLLBACK
RB27-H06108	27	19	zh/19/btree.sgml	554	B-tree	B-树	F03-U0031	HISTORICAL_ROLLBACK
RB27-H06109	27	19	zh/19/btree.sgml	561	B-tree	B-树	F03-U0032	HISTORICAL_ROLLBACK
RB27-H06110	27	19	zh/19/btree.sgml	568	B-tree	B-树	F03-U0033	HISTORICAL_ROLLBACK
RB27-H06111	27	19	zh/19/btree.sgml	586	B-tree	B-树	F03-U0034	HISTORICAL_ROLLBACK
RB27-H06112	27	19	zh/19/btree.sgml	595	B-tree	B-树	F03-U0035	HISTORICAL_ROLLBACK
RB27-H06113	27	19	zh/19/btree.sgml	596	B-tree	B-树	F03-U0035	HISTORICAL_ROLLBACK
RB27-H06114	27	19	zh/19/btree.sgml	598	B-tree	B-树	F03-U0035	HISTORICAL_ROLLBACK
RB27-H06115	27	19	zh/19/btree.sgml	604	B-tree	B-树	F03-U0036	HISTORICAL_ROLLBACK
RB27-H06116	27	19	zh/19/btree.sgml	658	B-tree	B-树	F03-U0037	HISTORICAL_ROLLBACK
RB27-H06117	27	19	zh/19/catalogs.sgml	831	B-tree	B-树	F03-U0038	HISTORICAL_ROLLBACK
RB27-H06118	27	19	zh/19/catalogs.sgml	854	B-tree	B-树	F03-U0039	HISTORICAL_ROLLBACK
RB27-H06119	27	19	zh/19/charset.sgml	1052	B-tree	B-树	F03-U0040	HISTORICAL_ROLLBACK
RB27-H06120	27	19	zh/19/citext.sgml	213	B-tree	B-树	F03-U0041	HISTORICAL_ROLLBACK
RB27-H06121	27	19	zh/19/citext.sgml	214	B-tree	B-树	F03-U0041	HISTORICAL_ROLLBACK
RB27-H06122	27	19	zh/19/config.sgml	2648	B-tree	B-树	F03-U0042	HISTORICAL_ROLLBACK
IH0032	199	19	zh/19/config.sgml	2971	整页映像	整页镜像	RB199-full-writes	HISTORICAL_ROLLBACK
IH0033	199	19	zh/19/config.sgml	3025	整页映像	整页镜像	RB199-compression-mention1	HISTORICAL_ROLLBACK
IH0034	199	19	zh/19/config.sgml	3026	页映像	页镜像	RB199-compression-mention2	HISTORICAL_ROLLBACK
RB27-H06123	27	19	zh/19/config.sgml	10562	B-tree	B-树	F03-U0043	HISTORICAL_ROLLBACK
IH0035	199	19	zh/19/config.sgml	10581	整页映像	整页镜像	RB199-consistency-mention1	HISTORICAL_ROLLBACK
IH0154	199	19	zh/19/config.sgml	10581	映像	镜像	RB199-consistency-mention2	CORRESPONDENCE_SYNC
RB27-H06124	27	19	zh/19/cube.sgml	217	B-tree	B-树	F03-U0044	HISTORICAL_ROLLBACK
RB27-H06125	27	19	zh/19/ddl.sgml	673	B-tree	B-树	F03-U0045	HISTORICAL_ROLLBACK
RB27-H06126	27	19	zh/19/ddl.sgml	750	B-tree	B-树	F03-U0046	HISTORICAL_ROLLBACK
INDEX27-19-R29	27	19	zh/19/ddl.sgml	1268	B-Tree	B-树	RB27-ASSOC-PG19-TEMPORAL-GIST-NOT-BTREE	CORRESPONDENCE_SYNC
RB27-H06127	27	19	zh/19/ddl.sgml	4338	B-tree	B-树	F03-U0047	HISTORICAL_ROLLBACK
RB27-H06128	27	19	zh/19/ddl.sgml	4338	B-tree	B-树	F03-U0047	HISTORICAL_ROLLBACK
OT-P0039	385	19	zh/19/func/func-aggregate.sgml	1076	百分位数	百分位点	OT-385-01-continuous-index-primary	HISTORICAL_ROLLBACK
OT-P0040	385	19	zh/19/func/func-aggregate.sgml	1087	连续百分位数	连续百分位点	OT-385-03-continuous-firstterm	HISTORICAL_ROLLBACK
OT-P0041	385	19	zh/19/func/func-aggregate.sgml	1103	数	点	OT-385-04-multiple-continuous-results	HISTORICAL_ROLLBACK
OT-P0042	385	19	zh/19/func/func-aggregate.sgml	1103	数	点	OT-385-05-continuous-result-anaphor	HISTORICAL_ROLLBACK
RB27-H06129	27	19	zh/19/func/func-array.sgml	8	B-tree	B-树	F03-U0049	HISTORICAL_ROLLBACK
RB27-H06130	27	19	zh/19/func/func-comparisons.sgml	166	B-tree	B-树	F03-U0050	HISTORICAL_ROLLBACK
RB27-H06131	27	19	zh/19/func/func-comparisons.sgml	166	B-tree	B-树	F03-U0050	HISTORICAL_ROLLBACK
RB27-H06132	27	19	zh/19/func/func-comparisons.sgml	232	B-tree	B-树	F03-U0051	HISTORICAL_ROLLBACK
RB27-H06133	27	19	zh/19/func/func-comparisons.sgml	232	B-tree	B-树	F03-U0051	HISTORICAL_ROLLBACK
RB27-H06134	27,127	19	zh/19/func/func-comparisons.sgml	237	B-tree	B-树	F03-U0052	HISTORICAL_ROLLBACK
RB27-H06135	27	19	zh/19/func/func-comparisons.sgml	246	B-tree	B-树	F03-U0052	HISTORICAL_ROLLBACK
RB27-H06136	27	19	zh/19/func/func-json.sgml	76	B-tree	B-树	F03-U0048	HISTORICAL_ROLLBACK
IH0125	199	19	zh/19/generic-wal.sgml	34	整页映像	整页镜像	RB199-generic-register	HISTORICAL_ROLLBACK
IH0126	199	19	zh/19/generic-wal.sgml	40	页面映像	页面镜像	RB199-generic-modify	HISTORICAL_ROLLBACK
IH0127	199	19	zh/19/generic-wal.sgml	53	页面映像	页面镜像	RB199-generic-abort	HISTORICAL_ROLLBACK
IH0128	199	19	zh/19/generic-wal.sgml	68	页面映像	页面镜像	RB199-generic-interleave	HISTORICAL_ROLLBACK
IH0129	199	19	zh/19/generic-wal.sgml	110	页面映像	页面镜像	RB199-generic-delta-mention1	HISTORICAL_ROLLBACK
IH0130	199	19	zh/19/generic-wal.sgml	110	页面映像	页面镜像	RB199-generic-delta-mention2	HISTORICAL_ROLLBACK
RB27-H06137	27	19	zh/19/geqo.sgml	19	B-tree	B-树	F03-U0055	HISTORICAL_ROLLBACK
RB27-H06138	27,127	19	zh/19/gin.sgml	308	B-tree	B-树	F03-U0056	HISTORICAL_ROLLBACK
RB27-H06139	27	19	zh/19/gin.sgml	309	B-tree	B-树	F03-U0056	HISTORICAL_ROLLBACK
RB27-H06140	27	19	zh/19/gin.sgml	378	B-tree	B-树	F03-U0057	HISTORICAL_ROLLBACK
RB27-H06141	27	19	zh/19/gin.sgml	379	B-tree	B-树	F03-U0057	HISTORICAL_ROLLBACK
RB27-H06142	27	19	zh/19/gin.sgml	391	B-tree	B-树	F03-U0058	HISTORICAL_ROLLBACK
RB27-H06143	27	19	zh/19/gin.sgml	550	B-tree	B-树	F03-U0059	HISTORICAL_ROLLBACK
RB27-H06144	27	19	zh/19/gist.sgml	15	B-tree	B-树	F03-U0060	HISTORICAL_ROLLBACK
RB27-H06145	27	19	zh/19/gist.sgml	214	B-tree	B-树	F03-U0061	HISTORICAL_ROLLBACK
RB27-H06146	27	19	zh/19/gist.sgml	214	B-tree	B-树	F03-U0061	HISTORICAL_ROLLBACK
RB27-H06147	27	19	zh/19/gist.sgml	214	B-tree	B-树	F03-U0061	HISTORICAL_ROLLBACK
RB27-H06148	27	19	zh/19/gist.sgml	218	B-tree	B-树	F03-U0062	HISTORICAL_ROLLBACK
RB27-H06149	27	19	zh/19/gist.sgml	222	B-tree	B-树	F03-U0063	HISTORICAL_ROLLBACK
RB27-H06150	27	19	zh/19/gist.sgml	1065	B-tree	B-树	F03-U0064	HISTORICAL_ROLLBACK
RB27-H06151	27	19	zh/19/hash.sgml	28	B-tree	B-树	F03-U0065	HISTORICAL_ROLLBACK
RB27-H06152	27	19	zh/19/hash.sgml	32	B-tree	B-树	F03-U0066	HISTORICAL_ROLLBACK
RB27-H06153	27	19	zh/19/hash.sgml	36	B-tree	B-树	F03-U0067	HISTORICAL_ROLLBACK
RB27-H06154	27	19	zh/19/hash.sgml	45	B-tree	B-树	F03-U0068	HISTORICAL_ROLLBACK
RB27-H06158	27	19	zh/19/indexam.sgml	490	B-tree	B-树	F03-U0069	HISTORICAL_ROLLBACK
RB27-H06159	27	19	zh/19/indexam.sgml	490	B-tree	B-树	F03-U0069	HISTORICAL_ROLLBACK
RB27-H06160	27	19	zh/19/indexam.sgml	544	B-tree	B-树	F03-U0070	HISTORICAL_ROLLBACK
RB27-H06161	27	19	zh/19/indexam.sgml	589	B-tree	B-树	F03-U0071	HISTORICAL_ROLLBACK
RB27-S021	27	19	zh/19/indices.sgml	91	B-tree	B-树	F03-U0072	CROSS_VERSION_ALIGNMENT
RB27-S022	27	19	zh/19/indices.sgml	93	B-tree	B-树	F03-U0072	CROSS_VERSION_ALIGNMENT
RB27-S023	27	19	zh/19/indices.sgml	100	B-Tree	B-树	F03-U0073	CROSS_VERSION_ALIGNMENT
RB27-S024	27	19	zh/19/indices.sgml	104	B-Tree	B-树	F03-U0073	CROSS_VERSION_ALIGNMENT
RB27-S025	27	19	zh/19/indices.sgml	107	B-Tree	B-树	F03-U0073	CROSS_VERSION_ALIGNMENT
RB27-H06162	27	19	zh/19/indices.sgml	112	B-tree	B-树	F03-U0074	HISTORICAL_ROLLBACK
RB27-H06163	27	19	zh/19/indices.sgml	112	B-tree	B-树	F03-U0074	HISTORICAL_ROLLBACK
RB27-H06164	27	19	zh/19/indices.sgml	118	B-tree	B-树	F03-U0074	HISTORICAL_ROLLBACK
RB27-H06165	27	19	zh/19/indices.sgml	119	B-tree	B-树	F03-U0074	HISTORICAL_ROLLBACK
RB27-H06166	27	19	zh/19/indices.sgml	123	B-tree	B-树	F03-U0075	HISTORICAL_ROLLBACK
RB27-H06167	27	19	zh/19/indices.sgml	124	B-tree	B-树	F03-U0075	HISTORICAL_ROLLBACK
RB27-H06168	27	19	zh/19/indices.sgml	128	B-tree	B-树	F03-U0076	HISTORICAL_ROLLBACK
INDEX27-19-R30	27	19	zh/19/indices.sgml	292	B-tree	B-树	RB27-ASSOC-INDICES-MULTICOLUMN	CORRESPONDENCE_SYNC
RB27-H06169	27	19	zh/19/indices.sgml	296	B-tree	B-树	F03-U0077	HISTORICAL_ROLLBACK
RB27-H06170	27	19	zh/19/indices.sgml	296	B-tree	B-树	F03-U0077	HISTORICAL_ROLLBACK
RB27-H06171	27	19	zh/19/indices.sgml	300	B-tree	B-树	F03-U0185	HISTORICAL_ROLLBACK
RB27-H06172	27	19	zh/19/indices.sgml	304	B-tree	B-树	F03-U0186	HISTORICAL_ROLLBACK
RB27-H06173	27	19	zh/19/indices.sgml	312	B-tree	B-树	F03-U0078	HISTORICAL_ROLLBACK
RB27-H06174	27	19	zh/19/indices.sgml	316	B-tree	B-树	F03-U0079	HISTORICAL_ROLLBACK
INDEX27-19-R31	27	19	zh/19/indices.sgml	338	B-tree	B-树	RB27-ASSOC-INDICES-ORDERING	CORRESPONDENCE_SYNC
RB27-H06175	27	19	zh/19/indices.sgml	346	B-tree	B-树	F03-U0080	HISTORICAL_ROLLBACK
RB27-H06176	27	19	zh/19/indices.sgml	350	B-tree	B-树	F03-U0081	HISTORICAL_ROLLBACK
RB27-H06177	27	19	zh/19/indices.sgml	394	B-tree	B-树	F03-U0187	HISTORICAL_ROLLBACK
RB27-H06178	27	19	zh/19/indices.sgml	413	B-tree	B-树	F03-U0082	HISTORICAL_ROLLBACK
RB27-H06179	27	19	zh/19/indices.sgml	683	B-tree	B-树	F03-U0083	HISTORICAL_ROLLBACK
RB27-H06180	27	19	zh/19/indices.sgml	738	B-tree	B-树	F03-U0084	HISTORICAL_ROLLBACK
INDEX27-19-R32	27	19	zh/19/indices.sgml	750	B-Tree	B-树	RB27-ASSOC-INDICES-UPPER-LEVEL	CORRESPONDENCE_SYNC
INDEX27-19-R33	27	19	zh/19/indices.sgml	750	B-Tree	B-树	RB27-ASSOC-INDICES-LOWEST-LEVEL	CORRESPONDENCE_SYNC
RB27-H06181	27	19	zh/19/indices.sgml	796	B-tree	B-树	F03-U0085	HISTORICAL_ROLLBACK
RB27-H06182	27	19	zh/19/indices.sgml	805	B-tree	B-树	F03-U0086	HISTORICAL_ROLLBACK
RB27-H06183	27	19	zh/19/isn.sgml	198	B-tree	B-树	F03-U0087	HISTORICAL_ROLLBACK
RB27-H06184	27	19	zh/19/lobj.sgml	42	B-tree	B-树	F03-U0088	HISTORICAL_ROLLBACK
RB27-H06185	27	19	zh/19/ltree.sgml	574	B-tree	B-树	F03-U0089	HISTORICAL_ROLLBACK
RB27-H06186	27	19	zh/19/maintenance.sgml	967	B-tree	B-树	F03-U0090	HISTORICAL_ROLLBACK
RB27-H06187	27	19	zh/19/maintenance.sgml	974	B-tree	B-树	F03-U0091	HISTORICAL_ROLLBACK
RB27-H06188	27	19	zh/19/maintenance.sgml	975	B-tree	B-树	F03-U0091	HISTORICAL_ROLLBACK
RB27-H06189	27	19	zh/19/maintenance.sgml	979	B-tree	B-树	F03-U0092	HISTORICAL_ROLLBACK
RB27-H06190	27	19	zh/19/maintenance.sgml	981	B-tree	B-树	F03-U0092	HISTORICAL_ROLLBACK
RB27-H06191	27	19	zh/19/monitoring.sgml	1495	B-tree	B-树	F03-U0093	HISTORICAL_ROLLBACK
RB27-H06192	27	19	zh/19/monitoring.sgml	1830	B-tree	B-树	F03-U0094	HISTORICAL_ROLLBACK
IH0036	199	19	zh/19/monitoring.sgml	3140	整页映像	整页镜像	RB199-prefetch-skip	HISTORICAL_ROLLBACK
IH0037	199	19	zh/19/monitoring.sgml	4448	整页映像	整页镜像	RB199-wal-count	HISTORICAL_ROLLBACK
IH0038	199	19	zh/19/monitoring.sgml	4457	整页映像	整页镜像	RB199-wal-bytes	HISTORICAL_ROLLBACK
RB27-H06193	27	19	zh/19/mvcc.sgml	1344	B-tree	B-树	F03-U0095	HISTORICAL_ROLLBACK
RB27-H06194	27	19	zh/19/mvcc.sgml	1378	B-tree	B-树	F03-U0096	HISTORICAL_ROLLBACK
RB27-H06195	27	19	zh/19/mvcc.sgml	1378	B-tree	B-树	F03-U0096	HISTORICAL_ROLLBACK
RB27-H06196	27	19	zh/19/mvcc.sgml	1378	B-tree	B-树	F03-U0096	HISTORICAL_ROLLBACK
RB27-H06197	27	19	zh/19/pageinspect.sgml	238	B-tree	B-树	F03-U0097	HISTORICAL_ROLLBACK
RB27-H06198	27	19	zh/19/pageinspect.sgml	251	B-tree	B-树	F03-U0098	HISTORICAL_ROLLBACK
RB27-H06199	27	19	zh/19/pageinspect.sgml	279	B-tree	B-树	F03-U0099	HISTORICAL_ROLLBACK
RB27-H06200	27	19	zh/19/pageinspect.sgml	352	B-tree	B-树	F03-U0100	HISTORICAL_ROLLBACK
RB27-H06201	27	19	zh/19/pageinspect.sgml	373	B-tree	B-树	F03-U0100	HISTORICAL_ROLLBACK
RB27-H06202	27	19	zh/19/pageinspect.sgml	386	B-tree	B-树	F03-U0101	HISTORICAL_ROLLBACK
RB27-H06203	27	19	zh/19/parallel.sgml	170	B-tree	B-树	F03-U0102	HISTORICAL_ROLLBACK
RB27-H06204	27	19	zh/19/parallel.sgml	173	B-tree	B-树	F03-U0102	HISTORICAL_ROLLBACK
RB27-H06205	27	19	zh/19/parallel.sgml	183	B-tree	B-树	F03-U0103	HISTORICAL_ROLLBACK
IH0131	199	19	zh/19/pgstatstatements.sgml	411	整页映像	整页镜像	RB199-statement-wal-count	HISTORICAL_ROLLBACK
RB27-H06206	27	19	zh/19/pgstattuple.sgml	163	B-tree	B-树	F03-U0104	HISTORICAL_ROLLBACK
RB27-H06207	27	19	zh/19/pgstattuple.sgml	198	B-tree	B-树	F03-U0105	HISTORICAL_ROLLBACK
RB27-H06208	27	19	zh/19/pgtrgm.sgml	391	B-tree	B-树	F03-U0106	HISTORICAL_ROLLBACK
RB27-H06209	27	19	zh/19/pgtrgm.sgml	491	B-tree	B-树	F03-U0107	HISTORICAL_ROLLBACK
RB27-H06210	27	19	zh/19/pgtrgm.sgml	502	B-tree	B-树	F03-U0108	HISTORICAL_ROLLBACK
RB27-H06211	27,127	19	zh/19/queries.sgml	1390	B-tree	B-树	F03-U0109	HISTORICAL_ROLLBACK
RB27-H06212	27	19	zh/19/rangetypes.sgml	290	B-tree	B-树	F03-U0110	HISTORICAL_ROLLBACK
RB27-H06213	27	19	zh/19/rangetypes.sgml	360	B-tree	B-树	F03-U0111	HISTORICAL_ROLLBACK
RB27-H06214	27	19	zh/19/rangetypes.sgml	360	B-tree	B-树	F03-U0111	HISTORICAL_ROLLBACK
RB27-H06215	27	19	zh/19/rangetypes.sgml	360	B-tree	B-树	F03-U0111	HISTORICAL_ROLLBACK
RB27-H06216	27	19	zh/19/ref/alter_opfamily.sgml	137	B-tree	B-树	F03-U0112	HISTORICAL_ROLLBACK
RB27-H06217	27	19	zh/19/ref/alter_opfamily.sgml	139	B-tree	B-树	F03-U0112	HISTORICAL_ROLLBACK
RB27-H06218	27	19	zh/19/ref/alter_opfamily.sgml	140	B-tree	B-树	F03-U0112	HISTORICAL_ROLLBACK
RB27-H06219	27	19	zh/19/ref/alter_opfamily.sgml	257	B-tree	B-树	F03-U0113	HISTORICAL_ROLLBACK
RB27-H06220	27	19	zh/19/ref/alter_table.sgml	363	B-tree	B-树	F03-U0114	HISTORICAL_ROLLBACK
RB27-H06221	27	19	zh/19/ref/create_aggregate.sgml	231	B-tree	B-树	F03-U0116	HISTORICAL_ROLLBACK
RB27-H06222	27	19	zh/19/ref/create_index.sgml	60	B-tree	B-树	F03-U0117	HISTORICAL_ROLLBACK
RB27-H06223	27	19	zh/19/ref/create_index.sgml	160	B-tree	B-树	F03-U0118	HISTORICAL_ROLLBACK
RB27-H06224	27	19	zh/19/ref/create_index.sgml	173	B-tree	B-树	F03-U0119	HISTORICAL_ROLLBACK
RB27-H06225	27	19	zh/19/ref/create_index.sgml	379	B-tree	B-树	F03-U0120	HISTORICAL_ROLLBACK
RB27-H06226	27	19	zh/19/ref/create_index.sgml	393	B-tree	B-树	F03-U0121	HISTORICAL_ROLLBACK
RB27-H06227	27	19	zh/19/ref/create_index.sgml	396	B-tree	B-树	F03-U0121	HISTORICAL_ROLLBACK
RB27-H06228	27	19	zh/19/ref/create_index.sgml	402	B-tree	B-树	F03-U0122	HISTORICAL_ROLLBACK
RB27-H06229	27	19	zh/19/ref/create_index.sgml	403	B-tree	B-树	F03-U0122	HISTORICAL_ROLLBACK
RB27-H06230	27	19	zh/19/ref/create_index.sgml	406	B-tree	B-树	F03-U0122	HISTORICAL_ROLLBACK
RB27-H06231	27	19	zh/19/ref/create_index.sgml	427	B-tree	B-树	F03-U0123	HISTORICAL_ROLLBACK
RB27-H06232	27	19	zh/19/ref/create_index.sgml	441	B-tree	B-树	F03-U0124	HISTORICAL_ROLLBACK
RB27-H06233	27	19	zh/19/ref/create_index.sgml	684	B-tree	B-树	F03-U0125	HISTORICAL_ROLLBACK
RB27-H06234	27	19	zh/19/ref/create_index.sgml	688	B-tree	B-树	F03-U0125	HISTORICAL_ROLLBACK
RB27-H06235	27	19	zh/19/ref/create_index.sgml	694	B-tree	B-树	F03-U0126	HISTORICAL_ROLLBACK
RB27-H06236	27	19	zh/19/ref/create_index.sgml	717	B-tree	B-树	F03-U0127	HISTORICAL_ROLLBACK
RB27-H06237	27	19	zh/19/ref/create_index.sgml	751	B-tree	B-树	F03-U0128	HISTORICAL_ROLLBACK
RB27-H06238	27	19	zh/19/ref/create_index.sgml	826	B-tree	B-树	F03-U0129	HISTORICAL_ROLLBACK
RB27-H06239	27	19	zh/19/ref/create_index.sgml	834	B-tree	B-树	F03-U0130	HISTORICAL_ROLLBACK
RB27-H06240	27	19	zh/19/ref/create_index.sgml	842	B-tree	B-树	F03-U0131	HISTORICAL_ROLLBACK
RB27-H06241	27	19	zh/19/ref/create_opclass.sgml	156	B-tree	B-树	F03-U0132	HISTORICAL_ROLLBACK
RB27-H06242	27	19	zh/19/ref/create_opclass.sgml	157	B-tree	B-树	F03-U0132	HISTORICAL_ROLLBACK
RB27-H06243	27	19	zh/19/ref/create_opclass.sgml	157	B-tree	B-树	F03-U0132	HISTORICAL_ROLLBACK
RB27-H06244	27	19	zh/19/ref/create_opclass.sgml	161	B-tree	B-树	F03-U0132	HISTORICAL_ROLLBACK
RB27-H06245	27	19	zh/19/ref/create_operator.sgml	287	B-tree	B-树	F03-U0133	HISTORICAL_ROLLBACK
RB27-LOWER-P0175	27	19	zh/19/ref/create_table.sgml	364	btree	B-树	RB27-LOWER-029	CORRESPONDENCE_SYNC
RB27-H06246	27	19	zh/19/ref/create_table.sgml	812	B-tree	B-树	F03-U0134	HISTORICAL_ROLLBACK
RB27-H06247	27	19	zh/19/ref/create_table.sgml	860	B-tree	B-树	F03-U0135	HISTORICAL_ROLLBACK
RB27-H06248	27	19	zh/19/ref/create_table.sgml	901	B-tree	B-树	F03-U0136	HISTORICAL_ROLLBACK
RB27-H06249	27	19	zh/19/ref/create_type.sgml	141	B-tree	B-树	F03-U0137	HISTORICAL_ROLLBACK
RB27-H06250	27,127	19	zh/19/ref/create_type.sgml	142	B-tree	B-树	F03-U0137	HISTORICAL_ROLLBACK
RB27-H06251	27,127	19	zh/19/ref/create_type.sgml	294	B-tree	B-树	F03-U0138	HISTORICAL_ROLLBACK
RB27-H06252	27	19	zh/19/ref/create_type.sgml	554	B-tree	B-树	F03-U0139	HISTORICAL_ROLLBACK
IH0147	199	19	zh/19/ref/explain.sgml	152	整页映像	整页镜像	RB199-explain-wal-mention1	HISTORICAL_ROLLBACK
IH0148	199	19	zh/19/ref/explain.sgml	152	整页映像	整页镜像	RB199-explain-wal-mention2	HISTORICAL_ROLLBACK
RB27-H06253	27	19	zh/19/ref/pg_amcheck.sgml	38	B-tree	B-树	F03-U0140	HISTORICAL_ROLLBACK
RB27-H06254	27	19	zh/19/ref/pg_amcheck.sgml	198	B-tree	B-树	F03-U0141	HISTORICAL_ROLLBACK
RB27-H06255	27	19	zh/19/ref/pg_amcheck.sgml	284	B-tree	B-树	F03-U0142	HISTORICAL_ROLLBACK
RB27-H06256	27	19	zh/19/ref/pg_amcheck.sgml	309	B-tree	B-树	F03-U0143	HISTORICAL_ROLLBACK
RB27-H06257	27	19	zh/19/ref/pg_amcheck.sgml	327	B-tree	B-树	F03-U0144	HISTORICAL_ROLLBACK
RB27-H06258	27	19	zh/19/ref/pg_amcheck.sgml	336	B-tree	B-树	F03-U0145	HISTORICAL_ROLLBACK
IH0132	199	19	zh/19/ref/pg_waldump.sgml	226	整页映像	整页镜像	RB199-waldump-fullpage	HISTORICAL_ROLLBACK
IH0133	199	19	zh/19/ref/pg_waldump.sgml	246	整页映像	整页镜像	RB199-waldump-stats	HISTORICAL_ROLLBACK
IH0134	199	19	zh/19/ref/pg_waldump.sgml	263	整页映像	整页镜像	RB199-waldump-save-mention1	HISTORICAL_ROLLBACK
IH0135	199	19	zh/19/ref/pg_waldump.sgml	264	映像	镜像	RB199-waldump-save-mention2	HISTORICAL_ROLLBACK
IH0136	199	19	zh/19/ref/pg_waldump.sgml	267	整页映像	整页镜像	RB199-waldump-format	HISTORICAL_ROLLBACK
IH0137	199	19	zh/19/ref/pg_waldump.sgml	289	映像	镜像	RB199-waldump-lsn	HISTORICAL_ROLLBACK
IH0138	199	19	zh/19/ref/pg_waldump.sgml	316	整页映像	整页镜像	RB199-waldump-fork	HISTORICAL_ROLLBACK
RB27-H06259	27	19	zh/19/ref/reindex.sgml	57	B-tree	B-树	F03-U0146	HISTORICAL_ROLLBACK
RB27-S026	27	19	zh/19/ref/repack.sgml	93	b-tree	B-树	F03-U0115	CROSS_VERSION_ALIGNMENT
RB27-H06260	27	19	zh/19/ref/select.sgml	1272	B-tree	B-树	F03-U0147	HISTORICAL_ROLLBACK
IH0039	199	19	zh/19/release-19.sgml	846	整页映像	整页镜像	RB199-release-wal-bytes	HISTORICAL_ROLLBACK
RB27-H06261	27	19	zh/19/storage.sgml	795	B-tree	B-树	F03-U0149	HISTORICAL_ROLLBACK
OT-P0029	385	19	zh/19/syntax.sgml	1256	数	点	OT-385-10-percentile-calculations	HISTORICAL_ROLLBACK
OT-P0030	385	19	zh/19/syntax.sgml	1268	百分位数	百分位点	OT-385-12-seealso-index	HISTORICAL_ROLLBACK
OT-P0048	385	19	zh/19/syntax.sgml	1279	百分位数	百分位点	OT-385-13-returned-50th-value	CORRESPONDENCE_SYNC
IH0139	199	19	zh/19/wal.sgml	141	整页映像	整页镜像	RB199-reliability-images-mention1	HISTORICAL_ROLLBACK
IH0140	199	19	zh/19/wal.sgml	144	页面映像	页面镜像	RB199-reliability-images-mention2	HISTORICAL_ROLLBACK
IH0141	199	19	zh/19/wal.sgml	161	整页映像	整页镜像	RB199-reliability-checksum	HISTORICAL_ROLLBACK
OT-P0036	385	19	zh/19/xaggr.sgml	265	数	点	OT-385-15-rank-or-percentile	HISTORICAL_ROLLBACK
RB27-H06262	27	19	zh/19/xindex.sgml	12	B-tree	B-树	F03-U0150	HISTORICAL_ROLLBACK
RB27-H06263	27	19	zh/19/xindex.sgml	24	B-tree	B-树	F03-U0183	HISTORICAL_ROLLBACK
RB27-H06264	27	19	zh/19/xindex.sgml	34	B-tree	B-树	F03-U0151	HISTORICAL_ROLLBACK
RB27-H06265	27	19	zh/19/xindex.sgml	34	B-tree	B-树	F03-U0151	HISTORICAL_ROLLBACK
RB27-H06266	27	19	zh/19/xindex.sgml	38	B-tree	B-树	F03-U0152	HISTORICAL_ROLLBACK
RB27-H06267	27	19	zh/19/xindex.sgml	46	B-tree	B-树	F03-U0153	HISTORICAL_ROLLBACK
RB27-H06268	27	19	zh/19/xindex.sgml	46	B-tree	B-树	F03-U0153	HISTORICAL_ROLLBACK
RB27-H06269	27	19	zh/19/xindex.sgml	50	B-tree	B-树	F03-U0154	HISTORICAL_ROLLBACK
RB27-H06270	27	19	zh/19/xindex.sgml	54	B-tree	B-树	F03-U0155	HISTORICAL_ROLLBACK
RB27-H06271	27	19	zh/19/xindex.sgml	298	B-tree	B-树	F03-U0156	HISTORICAL_ROLLBACK
RB27-H06272	27	19	zh/19/xindex.sgml	311	B-tree	B-树	F03-U0157	HISTORICAL_ROLLBACK
RB27-H06273	27	19	zh/19/xindex.sgml	315	B-tree	B-树	F03-U0158	HISTORICAL_ROLLBACK
RB27-H06274	27	19	zh/19/xindex.sgml	346	B-tree	B-树	F03-U0159	HISTORICAL_ROLLBACK
RB27-H06275	27	19	zh/19/xindex.sgml	662	B-tree	B-树	F03-U0160	HISTORICAL_ROLLBACK
RB27-H06276	27	19	zh/19/xindex.sgml	662	B-tree	B-树	F03-U0160	HISTORICAL_ROLLBACK
RB27-H06277	27	19	zh/19/xindex.sgml	670	B-tree	B-树	F03-U0161	HISTORICAL_ROLLBACK
RB27-H06278	27	19	zh/19/xindex.sgml	682	B-tree	B-树	F03-U0162	HISTORICAL_ROLLBACK
RB27-H06279	27	19	zh/19/xindex.sgml	763	B-tree	B-树	F03-U0163	HISTORICAL_ROLLBACK
RB27-H06280	27	19	zh/19/xindex.sgml	790	B-tree	B-树	F03-U0164	HISTORICAL_ROLLBACK
RB27-H06281	27,127	19	zh/19/xindex.sgml	802	B-tree	B-树	F03-U0165	HISTORICAL_ROLLBACK
RB27-H06282	27	19	zh/19/xindex.sgml	810	B-tree	B-树	F03-U0166	HISTORICAL_ROLLBACK
RB27-H06283	27	19	zh/19/xindex.sgml	822	B-tree	B-树	F03-U0167	HISTORICAL_ROLLBACK
RB27-H06284	27	19	zh/19/xindex.sgml	930	B-tree	B-树	F03-U0168	HISTORICAL_ROLLBACK
RB27-H06285	27	19	zh/19/xindex.sgml	942	B-tree	B-树	F03-U0169	HISTORICAL_ROLLBACK
RB27-H06286	27,127	19	zh/19/xindex.sgml	964	B-tree	B-树	F03-U0170	HISTORICAL_ROLLBACK
RB27-H06287	27,127	19	zh/19/xindex.sgml	968	B-tree	B-树	F03-U0171	HISTORICAL_ROLLBACK
RB27-H06288	27,127	19	zh/19/xindex.sgml	982	B-tree	B-树	F03-U0172	HISTORICAL_ROLLBACK
RB27-H06289	27,127	19	zh/19/xindex.sgml	990	B-tree	B-树	F03-U0173	HISTORICAL_ROLLBACK
RB27-H06290	27,127	19	zh/19/xindex.sgml	990	B-tree	B-树	F03-U0173	HISTORICAL_ROLLBACK
RB27-H06291	27	19	zh/19/xindex.sgml	999	B-tree	B-树	F03-U0174	HISTORICAL_ROLLBACK
RB27-H06292	27	19	zh/19/xindex.sgml	999	B-tree	B-树	F03-U0174	HISTORICAL_ROLLBACK
RB27-H06293	27	19	zh/19/xindex.sgml	999	B-tree	B-树	F03-U0174	HISTORICAL_ROLLBACK
RB27-H06294	27	19	zh/19/xindex.sgml	999	B-tree	B-树	F03-U0174	HISTORICAL_ROLLBACK
RB27-H06295	27	19	zh/19/xindex.sgml	1029	B-tree	B-树	F03-U0175	HISTORICAL_ROLLBACK
RB27-H06296	27	19	zh/19/xindex.sgml	1029	B-tree	B-树	F03-U0175	HISTORICAL_ROLLBACK
RB27-H06297	27	19	zh/19/xindex.sgml	1050	B-tree	B-树	F03-U0176	HISTORICAL_ROLLBACK
